Symbol,Country,Company
RELIANCE.NS,India,Reliance Industries Limited
TCS.NS,India,Tata Consultancy Services Limited
HDFCBANK.NS,India,HDFC Bank Limited
ICICIBANK.NS,India,ICICI Bank Limited
HINDUNILVR.NS,India,Hindustan Unilever Limited
INFY.NS,India,Infosys Limited
HDFC.NS,India,Housing Development Finance Corporation Limited
ITC.NS,India,ITC Limited
SBIN.NS,India,State Bank of India
BHARTIARTL.NS,India,Bharti Airtel Limited
KOTAKBANK.NS,India,Kotak Mahindra Bank Limited
BAJFINANCE.NS,India,Bajaj Finance Limited
LICI.NS,India,Life Insurance Corporation Of India
LT.NS,India,Larsen & Toubro Limited
HCLTECH.NS,India,HCL Technologies Limited
ASIANPAINT.NS,India,Asian Paints Limited
AXISBANK.NS,India,Axis Bank Limited
MARUTI.NS,India,Maruti Suzuki India Limited
SUNPHARMA.NS,India,Sun Pharmaceutical Industries Limited
TITAN.NS,India,Titan Company Limited
DMART.NS,India,Avenue Supermarts Limited
ULTRACEMCO.NS,India,UltraTech Cement Limited
BAJAJFINSV.NS,India,Bajaj Finserv Limited
WIPRO.NS,India,Wipro Limited
ADANIENT.NS,India,Adani Enterprises Limited
ONGC.NS,India,Oil & Natural Gas Corporation Limited
NTPC.NS,India,NTPC Limited
JSWSTEEL.NS,India,JSW Steel Limited
POWERGRID.NS,India,Power Grid Corporation of India Limited
M&M.NS,India,Mahindra & Mahindra Limited
LTIM.NS,India,LTIMindtree Limited
TATAMOTORS.NS,India,Tata Motors Limited
ADANIGREEN.NS,India,Adani Green Energy Limited
ADANIPORTS.NS,India,Adani Ports and Special Economic Zone Limited
COALINDIA.NS,India,Coal India Limited
TATASTEEL.NS,India,Tata Steel Limited
HINDZINC.NS,India,Hindustan Zinc Limited
PIDILITIND.NS,India,Pidilite Industries Limited
SIEMENS.NS,India,Siemens Limited
ADANITRANS.NS,India,Adani Transmission Limited
SBILIFE.NS,India,SBI Life Insurance Company Limited
IOC.NS,India,Indian Oil Corporation Limited
BAJAJ-AUTO.NS,India,Bajaj Auto Limited
GRASIM.NS,India,Grasim Industries Limited
TECHM.NS,India,Tech Mahindra Limited
HDFCLIFE.NS,India,HDFC Life Insurance Company Limited
BRITANNIA.NS,India,Britannia Industries Limited
VEDL.NS,India,Vedanta Limited
GODREJCP.NS,India,Godrej Consumer Products Limited
DABUR.NS,India,Dabur India Limited
ATGL.NS,India,Adani Total Gas Limited
SHREECEM.NS,India,SHREE CEMENT LIMITED
HAL.NS,India,Hindustan Aeronautics Limited
HINDALCO.NS,India,Hindalco Industries Limited
VBL.NS,India,Varun Beverages Limited
DLF.NS,India,DLF Limited
BANKBARODA.NS,India,Bank of Baroda
INDUSINDBK.NS,India,IndusInd Bank Limited
EICHERMOT.NS,India,Eicher Motors Limited
DRREDDY.NS,India,Dr. Reddy's Laboratories Limited
DIVISLAB.NS,India,Divi's Laboratories Limited
BPCL.NS,India,Bharat Petroleum Corporation Limited
HAVELLS.NS,India,Havells India Limited
ADANIPOWER.NS,India,Adani Power Limited
INDIGO.NS,India,InterGlobe Aviation Limited
CIPLA.NS,India,Cipla Limited
AMBUJACEM.NS,India,Ambuja Cements Limited
SRF.NS,India,SRF Limited
ABB.NS,India,ABB India Limited
BEL.NS,India,Bharat Electronics Limited
SBICARD.NS,India,SBI Cards and Payment Services Limited
GAIL.NS,India,GAIL (India) Limited
BAJAJHLDNG.NS,India,Bajaj Holdings & Investment Limited
TATACONSUM.NS,India,TATA CONSUMER PRODUCTS LIMITED
ICICIPRULI.NS,India,ICICI Prudential Life Insurance Company Limited
CHOLAFIN.NS,India,Cholamandalam Investment and Finance Company Limited
MARICO.NS,India,Marico Limited
APOLLOHOSP.NS,India,Apollo Hospitals Enterprise Limited
TATAPOWER.NS,India,Tata Power Company Limited
BOSCHLTD.NS,India,Bosch Limited
BERGEPAINT.NS,India,Berger Paints (I) Limited
JINDALSTEL.NS,India,Jindal Steel & Power Limited
MCDOWELL-N.NS,India,United Spirits Limited
UPL.NS,India,UPL Limited
AWL.NS,India,Adani Wilmar Limited
ICICIGI.NS,India,ICICI Lombard General Insurance Company Limited
TORNTPHARM.NS,India,Torrent Pharmaceuticals Limited
CANBK.NS,India,Canara Bank
PNB.NS,India,Punjab National Bank
TVSMOTOR.NS,India,TVS Motor Company Limited
ZYDUSLIFE.NS,India,Zydus Lifesciences Limited
TIINDIA.NS,India,Tube Investments of India Limited
TRENT.NS,India,Trent Limited
IDBI.NS,India,IDBI Bank Limited
NAUKRI.NS,India,Info Edge (India) Limited
SHRIRAMFIN.NS,India,Shriram Finance Limited
HEROMOTOCO.NS,India,Hero MotoCorp Limited
INDHOTEL.NS,India,The Indian Hotels Company Limited
PIIND.NS,India,PI Industries Limited
IRCTC.NS,India,Indian Railway Catering And Tourism Corporation Limited
CGPOWER.NS,India,CG Power and Industrial Solutions Limited
UNIONBANK.NS,India,Union Bank of India
MOTHERSON.NS,India,Samvardhana Motherson International Limited
CUMMINSIND.NS,India,Cummins India Limited
SCHAEFFLER.NS,India,Schaeffler India Limited
LODHA.NS,India,Macrotech Developers Limited
ZOMATO.NS,India,Zomato Limited
PGHH.NS,India,Procter & Gamble Hygiene and Health Care Limited
YESBANK.NS,India,Yes Bank Limited
POLYCAB.NS,India,Polycab India Limited
MAXHEALTH.NS,India,Max Healthcare Institute Limited
IOB.NS,India,Indian Overseas Bank
PAGEIND.NS,India,Page Industries Limited
COLPAL.NS,India,Colgate Palmolive (India) Limited
ASHOKLEY.NS,India,Ashok Leyland Limited
ALKEM.NS,India,Alkem Laboratories Limited
NHPC.NS,India,NHPC Limited
PAYTM.NS,India,One 97 Communications Limited
PFC.NS,India,Power Finance Corporation Limited
JSWENERGY.NS,India,JSW Energy Limited
MUTHOOTFIN.NS,India,Muthoot Finance Limited
AUBANK.NS,India,AU Small Finance Bank Limited
INDUSTOWER.NS,India,Indus Towers Limited
BALKRISIND.NS,India,Balkrishna Industries Limited
UBL.NS,India,United Breweries Limited
ABCAPITAL.NS,India,Aditya Birla Capital Limited
TATAELXSI.NS,India,Tata Elxsi Limited
DALBHARAT.NS,India,Dalmia Bharat Limited
HDFCAMC.NS,India,HDFC Asset Management Company Limited
INDIANB.NS,India,Indian Bank
ASTRAL.NS,India,Astral Limited
BHARATFORG.NS,India,Bharat Forge Limited
LTTS.NS,India,L&T Technology Services Limited
MRF.NS,India,MRF Limited
TATACOMM.NS,India,Tata Communications Limited
NYKAA.NS,India,FSN E-Commerce Ventures Limited
CONCOR.NS,India,Container Corporation of India Limited
PERSISTENT.NS,India,Persistent Systems Limited
PATANJALI.NS,India,Patanjali Foods Limited
IRFC.NS,India,Indian Railway Finance Corporation Limited
LINDEINDIA.NS,India,Linde India Limited
IDFCFIRSTB.NS,India,IDFC First Bank Limited
PETRONET.NS,India,Petronet LNG Limited
SOLARINDS.NS,India,Solar Industries India Limited
SAIL.NS,India,Steel Authority of India Limited
MPHASIS.NS,India,MphasiS Limited
HINDPETRO.NS,India,Hindustan Petroleum Corporation Limited
APLAPOLLO.NS,India,APL Apollo Tubes Limited
FLUOROCHEM.NS,India,Gujarat Fluorochemicals Limited
NMDC.NS,India,NMDC Limited
HONAUT.NS,India,Honeywell Automation India Limited
SUPREMEIND.NS,India,Supreme Industries Limited
GUJGASLTD.NS,India,Gujarat Gas Limited
BANDHANBNK.NS,India,Bandhan Bank Limited
ACC.NS,India,ACC Limited
OBEROIRLTY.NS,India,Oberoi Realty Limited
BANKINDIA.NS,India,Bank of India
RECLTD.NS,India,REC Limited
AUROPHARMA.NS,India,Aurobindo Pharma Limited
STARHEALTH.NS,India,Star Health and Allied Insurance Company Limited
IGL.NS,India,Indraprastha Gas Limited
LUPIN.NS,India,Lupin Limited
UCOBANK.NS,India,UCO Bank
JUBLFOOD.NS,India,Jubilant Foodworks Limited
POLICYBZR.NS,India,PB Fintech Limited
GODREJPROP.NS,India,Godrej Properties Limited
M&MFIN.NS,India,Mahindra & Mahindra Financial Services Limited
IDEA.NS,India,Vodafone Idea Limited
OFSS.NS,India,Oracle Financial Services Software Limited
FEDERALBNK.NS,India,The Federal Bank  Limited
MANYAVAR.NS,India,Vedant Fashions Limited
UNOMINDA.NS,India,UNO Minda Limited
AIAENG.NS,India,AIA Engineering Limited
THERMAX.NS,India,Thermax Limited
OIL.NS,India,Oil India Limited
VOLTAS.NS,India,Voltas Limited
3MINDIA.NS,India,3M India Limited
COROMANDEL.NS,India,Coromandel International Limited
SUNDARMFIN.NS,India,Sundaram Finance Limited
KPITTECH.NS,India,KPIT Technologies Limited
DEEPAKNTR.NS,India,Deepak Nitrite Limited
ESCORTS.NS,India,Escorts Kubota Limited
BIOCON.NS,India,Biocon Limited
TATACHEM.NS,India,Tata Chemicals Limited
TORNTPOWER.NS,India,Torrent Power Limited
GMRINFRA.NS,India,GMR Airports Infrastructure Limited
BHEL.NS,India,Bharat Heavy Electricals Limited
SONACOMS.NS,India,Sona BLW Precision Forgings Limited
DELHIVERY.NS,India,Delhivery Limited
SYNGENE.NS,India,Syngene International Limited
CRISIL.NS,India,CRISIL Limited
GICRE.NS,India,General Insurance Corporation of India
COFORGE.NS,India,Coforge Limited
PHOENIXLTD.NS,India,The Phoenix Mills Limited
JKCEMENT.NS,India,JK Cement Limited
POONAWALLA.NS,India,Poonawalla Fincorp Limited
GLAXO.NS,India,GlaxoSmithKline Pharmaceuticals Limited
MFSL.NS,India,Max Financial Services Limited
METROBRAND.NS,India,Metro Brands Limited
MSUMI.NS,India,Motherson Sumi Wiring India Limited
SUMICHEM.NS,India,Sumitomo Chemical India Limited
RELAXO.NS,India,Relaxo Footwears Limited
NAVINFLUOR.NS,India,Navin Fluorine International Limited
SKFINDIA.NS,India,SKF India Limited
CENTRALBK.NS,India,Central Bank of India
GLAND.NS,India,Gland Pharma Limited
KANSAINER.NS,India,Kansai Nerolac Paints Limited
GRINDWELL.NS,India,Grindwell Norton Limited
TIMKEN.NS,India,Timken India Limited
IPCALAB.NS,India,IPCA Laboratories Limited
SUNDRMFAST.NS,India,Sundram Fasteners Limited
ATUL.NS,India,Atul Limited
ZEEL.NS,India,Zee Entertainment Enterprises Limited
L&TFH.NS,India,L&T Finance Holdings Limited
ABFRL.NS,India,Aditya Birla Fashion and Retail Limited
APOLLOTYRE.NS,India,Apollo Tyres Limited
KPRMILL.NS,India,K.P.R. Mill Limited
ZFCVINDIA.NS,India,ZF Commercial Vehicle Control Systems India Limited
FORTIS.NS,India,Fortis Healthcare Limited
AARTIIND.NS,India,Aarti Industries Limited
HATSUN.NS,India,Hatsun Agro Product Limited
CARBORUNIV.NS,India,Carborundum Universal Limited
CROMPTON.NS,India,Crompton Greaves Consumer Electricals Limited
VINATIORGA.NS,India,Vinati Organics Limited
IIFL.NS,India,IIFL Finance Limited
BATAINDIA.NS,India,Bata India Limited
BDL.NS,India,Bharat Dynamics Limited
LICHSGFIN.NS,India,LIC Housing Finance Limited
RAJESHEXPO.NS,India,Rajesh Exports Limited
RAMCOCEM.NS,India,The Ramco Cements Limited
ENDURANCE.NS,India,Endurance Technologies Limited
DEVYANI.NS,India,Devyani International Limited
PSB.NS,India,Punjab & Sind Bank
DIXON.NS,India,Dixon Technologies (India) Limited
KAJARIACER.NS,India,Kajaria Ceramics Limited
WHIRLPOOL.NS,India,Whirlpool of India Limited
MAHABANK.NS,India,Bank of Maharashtra
SUNTV.NS,India,Sun TV Network Limited
PEL.NS,India,Piramal Enterprises Limited
PRESTIGE.NS,India,Prestige Estates Projects Limited
NIACL.NS,India,The New India Assurance Company Limited
RADICO.NS,India,Radico Khaitan Limited
PFIZER.NS,India,Pfizer Limited
NH.NS,India,Narayana Hrudayalaya Ltd.
EMAMILTD.NS,India,Emami Limited
LAURUSLABS.NS,India,Laurus Labs Limited
FIVESTAR.NS,India,Five-Star Business Finance Limited
AJANTPHARM.NS,India,Ajanta Pharma Limited
INDIAMART.NS,India,Indiamart Intermesh Limited
360ONE.NS,India,360 ONE WAM LIMITED
KEI.NS,India,KEI Industries Limited
JBCHEPHARM.NS,India,JB Chemicals & Pharmaceuticals Limited
LALPATHLAB.NS,India,Dr. Lal Path Labs Ltd.
JSL.NS,India,Jindal Stainless Limited
IRB.NS,India,IRB Infrastructure Developers Limited
EXIDEIND.NS,India,Exide Industries Limited
PVR.NS,India,PVR Limited
GSPL.NS,India,Gujarat State Petronet Limited
BLUEDART.NS,India,Blue Dart Express Limited
NATIONALUM.NS,India,National Aluminium Company Limited
RVNL.NS,India,Rail Vikas Nigam Limited
CREDITACC.NS,India,CREDITACCESS GRAMEEN LIMITED
TRIDENT.NS,India,Trident Limited
POWERINDIA.NS,India,Hitachi Energy India Limited
MEDANTA.NS,India,Global Health Limited
GILLETTE.NS,India,Gillette India Limited
RATNAMANI.NS,India,Ratnamani Metals & Tubes Limited
ELGIEQUIP.NS,India,Elgi Equipments Limited
ISEC.NS,India,ICICI Securities Limited
CGCL.NS,India,Capri Global Capital Limited
GODREJIND.NS,India,Godrej Industries Limited
CLEAN.NS,India,Clean Science and Technology Limited
MAZDOCK.NS,India,Mazagon Dock Shipbuilders Limited
MAHINDCIE.NS,India,Mahindra CIE Automotive Limited
AEGISCHEM.NS,India,Aegis Logistics Limited
FACT.NS,India,Fertilizers and Chemicals Travancore Limited
BLUESTARCO.NS,India,Blue Star Limited
SANOFI.NS,India,Sanofi India Limited
FINEORG.NS,India,Fine Organic Industries Limited
AFFLE.NS,India,Affle (India) Limited
GLENMARK.NS,India,Glenmark Pharmaceuticals Limited
NAM-INDIA.NS,India,Nippon Life India Asset Management Limited
SJVN.NS,India,SJVN Limited
REDINGTON.NS,India,Redington Limited
AAVAS.NS,India,Aavas Financiers Limited
IDFC.NS,India,IDFC Limited
FINCABLES.NS,India,Finolex Cables Limited
NUVOCO.NS,India,Nuvoco Vistas Corporation Limited
BAJAJELEC.NS,India,Bajaj Electricals Limited
APTUS.NS,India,Aptus Value Housing Finance India Limited
SUVENPHAR.NS,India,Suven Pharmaceuticals Limited
ASTERDM.NS,India,Aster DM Healthcare Limited
RHIM.NS,India,RHI MAGNESITA INDIA LIMITED
KEC.NS,India,KEC International Limited
SONATSOFTW.NS,India,Sonata Software Limited
AETHER.NS,India,Aether Industries Limited
DCMSHRIRAM.NS,India,DCM Shriram Limited
IEX.NS,India,Indian Energy Exchange Limited
HAPPSTMNDS.NS,India,Happiest Minds Technologies Limited
KIMS.NS,India,Krishna Institute of Medical Sciences Limited
ALKYLAMINE.NS,India,Alkyl Amines Chemicals Limited
CYIENT.NS,India,Cyient Limited
CHAMBLFERT.NS,India,Chambal Fertilizers & Chemicals Limited
ASAHIINDIA.NS,India,Asahi India Glass Limited
CASTROLIND.NS,India,Castrol India Limited
BRIGADE.NS,India,Brigade Enterprises Limited
KALYANKJIL.NS,India,Kalyan Jewellers India Limited
TTML.NS,India,Tata Teleservices (Maharashtra) Limited
VGUARD.NS,India,V-Guard Industries Limited
NLCINDIA.NS,India,NLC India Limited
LAXMIMACH.NS,India,Lakshmi Machine Works Limited
TRITURBINE.NS,India,Triveni Turbine Limited
FINPIPE.NS,India,Finolex Industries Limited
AKZOINDIA.NS,India,Akzo Nobel India Limited
MANAPPURAM.NS,India,Manappuram Finance Limited
EIHOTEL.NS,India,EIH Limited
CENTURYPLY.NS,India,Century Plyboards (India) Limited
NATCOPHARM.NS,India,Natco Pharma Limited
KIOCL.NS,India,KIOCL Limited
CHOLAHLDNG.NS,India,Cholamandalam Financial Holdings Limited
CAMPUS.NS,India,Campus Activewear Limited
CAMS.NS,India,Computer Age Management Services Limited
AMARAJABAT.NS,India,Amara Raja Batteries Limited
ZYDUSWELL.NS,India,Zydus Wellness Limited
BASF.NS,India,BASF India Limited
TEJASNET.NS,India,Tejas Networks Limited
APLLTD.NS,India,Alembic Pharmaceuticals Limited
MGL.NS,India,Mahanagar Gas Limited
GRINFRA.NS,India,G R Infraprojects Limited
ANGELONE.NS,India,Angel One Limited
SFL.NS,India,Sheela Foam Limited
TTKPRESTIG.NS,India,TTK Prestige Limited
APARINDS.NS,India,Apar Industries Limited
HINDCOPPER.NS,India,Hindustan Copper Limited
CDSL.NS,India,Central Depository Services (India) Limited
GODFRYPHLP.NS,India,Godfrey Phillips India Limited
RENUKA.NS,India,Shree Renuka Sugars Limited
CUB.NS,India,City Union Bank Limited
JKLAKSHMI.NS,India,JK Lakshmi Cement Limited
ANURAS.NS,India,Anupam Rasayan India Limited
MRPL.NS,India,Mangalore Refinery and Petrochemicals Limited
GESHIP.NS,India,The Great Eastern Shipping Company Limited
POLYMED.NS,India,Poly Medicure Limited
NSLNISP.NS,India,NMDC Steel Limited
BIKAJI.NS,India,Bikaji Foods International Limited
MOTILALOFS.NS,India,Motilal Oswal Financial Services Limited
ABSLAMC.NS,India,Aditya Birla Sun Life AMC Limited
CESC.NS,India,CESC Limited
TATAINVEST.NS,India,Tata Investment Corporation Limited
ALLCARGO.NS,India,Allcargo Logistics Limited
KALPATPOWR.NS,India,Kalpataru Power Transmission Limited
PNBHOUSING.NS,India,PNB Housing Finance Limited
HUDCO.NS,India,Housing & Urban Development Corporation Limited
ITI.NS,India,ITI Limited
ROUTE.NS,India,ROUTE MOBILE LIMITED
RITES.NS,India,RITES Limited
VTL.NS,India,Vardhman Textiles Limited
RBLBANK.NS,India,RBL Bank Limited
HFCL.NS,India,HFCL Limited
KARURVYSYA.NS,India,Karur Vysya Bank Limited
CERA.NS,India,Cera Sanitaryware Limited
EIDPARRY.NS,India,EID Parry India Limited
INGERRAND.NS,India,Ingersoll Rand (India) Limited
GALAXYSURF.NS,India,Galaxy Surfactants Limited
PPLPHARMA.NS,India,Piramal Pharma Limited
UTIAMC.NS,India,UTI Asset Management Company Limited
KRBL.NS,India,KRBL Limited
RAYMOND.NS,India,Raymond Limited
ASTRAZEN.NS,India,AstraZeneca Pharma India Limited
VIPIND.NS,India,VIP Industries Limited
ACI.NS,India,Archean Chemical Industries Limited
BALRAMCHIN.NS,India,Balrampur Chini Mills Limited
SUZLON.NS,India,Suzlon Energy Limited
GODREJAGRO.NS,India,Godrej Agrovet Limited
GNFC.NS,India,Gujarat Narmada Valley Fertilizers and Chemicals Limited
ERIS.NS,India,Eris Lifesciences Limited
PGHL.NS,India,Procter & Gamble Health Limited
MEDPLUS.NS,India,Medplus Health Services Limited
SAPPHIRE.NS,India,Sapphire Foods India Limited
DATAPATTNS.NS,India,Data Patterns (India) Limited
SUNCLAYLTD.NS,India,Sundaram Clayton Limited
JBMA.NS,India,JBM Auto Limited
EASEMYTRIP.NS,India,Easy Trip Planners Limited
CCL.NS,India,CCL Products (India) Limited
EQUITASBNK.NS,India,Equitas Small Finance Bank Limited
CHALET.NS,India,Chalet Hotels Limited
RAINBOW.NS,India,Rainbow Childrens Medicare Limited
PNCINFRA.NS,India,PNC Infratech Limited
FSL.NS,India,Firstsource Solutions Limited
KSB.NS,India,Ksb Limited
BSOFT.NS,India,BIRLASOFT LIMITED
KNRCON.NS,India,KNR Constructions Limited
SHOPERSTOP.NS,India,Shoppers Stop Limited
SYMPHONY.NS,India,Symphony Limited
CENTURYTEX.NS,India,Century Textiles & Industries Limited
CANFINHOME.NS,India,Can Fin Homes Limited
GRANULES.NS,India,Granules India Limited
TANLA.NS,India,Tanla Platforms Limited
JYOTHYLAB.NS,India,Jyothy Labs Limited
SPLPETRO.NS,India,Supreme Petrochem Limited
DEEPAKFERT.NS,India,Deepak Fertilizers and Petrochemicals Corporation Limited
CRAFTSMAN.NS,India,Craftsman Automation Limited
BIRLACORPN.NS,India,Birla Corporation Limited
BLS.NS,India,BLS International Services Limited
SHYAMMETL.NS,India,Shyam Metalics and Energy Limited
NCC.NS,India,NCC Limited
GMMPFAUDLR.NS,India,GMM Pfaudler Limited
LATENTVIEW.NS,India,Latent View Analytics Limited
USHAMART.NS,India,Usha Martin Limited
HOMEFIRST.NS,India,Home First Finance Company India Limited
JKPAPER.NS,India,JK Paper Limited
TMB.NS,India,Tamilnad Mercantile Bank Limited
JINDWORLD.NS,India,Jindal Worldwide Limited
METROPOLIS.NS,India,Metropolis Healthcare Limited
SAREGAMA.NS,India,Saregama India Limited
NBCC.NS,India,NBCC (India) Limited
ECLERX.NS,India,eClerx Services Limited
BALAMINES.NS,India,Balaji Amines Limited
WELSPUNIND.NS,India,Welspun India Limited
PRAJIND.NS,India,Praj Industries Limited
COCHINSHIP.NS,India,Cochin Shipyard Limited
ZENSARTECH.NS,India,Zensar Technologies Limited
AMBER.NS,India,Amber Enterprises India Limited
LEMONTREE.NS,India,Lemon Tree Hotels Limited
PRINCEPIPE.NS,India,Prince Pipes And Fittings Limited
TRIVENI.NS,India,Triveni Engineering & Industries Limited
GARFIBRES.NS,India,Garware Technical Fibres Limited
LXCHEM.NS,India,Laxmi Organic Industries Limited
STLTECH.NS,India,Sterlite Technologies Limited
CEATLTD.NS,India,CEAT Limited
BSE.NS,India,BSE Limited
SPARC.NS,India,Sun Pharma Advanced Research Company Limited
ALOKINDS.NS,India,Alok Industries Limited
ORIENTELEC.NS,India,Orient Electric Limited
INDIACEM.NS,India,The India Cements Limited
JUBLINGREA.NS,India,Jubilant Ingrevia Limited
KIRLOSENG.NS,India,Kirloskar Oil Engines Limited
TCIEXP.NS,India,TCI Express Limited
JMFINANCIL.NS,India,JM Financial Limited
NETWORK18.NS,India,Network18 Media & Investments Limited
BBTC.NS,India,Bombay Burmah Trading Corporation Limited
SWANENERGY.NS,India,Swan Energy Limited
GPPL.NS,India,Gujarat Pipavav Port Limited
KAYNES.NS,India,Kaynes Technology India Limited
VRLLOG.NS,India,VRL Logistics Limited
INTELLECT.NS,India,Intellect Design Arena Limited
SWSOLAR.NS,India,Sterling and Wilson Renewable Energy Limited
CHEMPLASTS.NS,India,Chemplast Sanmar Limited
QUESS.NS,India,Quess Corp Limited
ROLEXRINGS.NS,India,Rolex Rings Limited
MAHLIFE.NS,India,Mahindra Lifespace Developers Limited
ESABINDIA.NS,India,Esab India Limited
MHRIL.NS,India,Mahindra Holidays & Resorts India Limited
GOCOLORS.NS,India,Go Fashion (India) Limited
HGS.NS,India,Hinduja Global Solutions Limited
BORORENEW.NS,India,BOROSIL RENEWABLES LIMITED
GAEL.NS,India,Gujarat Ambuja Exports Limited
MAPMYINDIA.NS,India,C.E. Info Systems Limited
PRSMJOHNSN.NS,India,Prism Johnson Limited
RUSTOMJEE.NS,India,Keystone Realtors Limited
IRCON.NS,India,Ircon International Limited
RCF.NS,India,Rashtriya Chemicals and Fertilizers Limited
WELCORP.NS,India,Welspun Corp Limited
BEML.NS,India,BEML Limited
GRSE.NS,India,Garden Reach Shipbuilders & Engineers Limited
EPL.NS,India,EPL Limited
MINDACORP.NS,India,Minda Corporation Limited
GRAPHITE.NS,India,Graphite India Limited
HGINFRA.NS,India,H.G. Infra Engineering Limited
OLECTRA.NS,India,Olectra Greentech Limited
RELINFRA.NS,India,Reliance Infrastructure Limited
JUSTDIAL.NS,India,Just Dial Limited
RAIN.NS,India,Rain Industries Limited
IONEXCHANG.NS,India,ION Exchange (India) Limited
EDELWEISS.NS,India,Edelweiss Financial Services Limited
UJJIVANSFB.NS,India,Ujjivan Small Finance Bank Limited
TV18BRDCST.NS,India,TV18 Broadcast Limited
GPIL.NS,India,Godawari Power And Ispat limited
MTARTECH.NS,India,Mtar Technologies Limited
TCI.NS,India,Transport Corporation of India Limited
RTNINDIA.NS,India,RattanIndia Enterprises Limited
VSTIND.NS,India,VST Industries Limited
SAFARI.NS,India,Safari Industries (India) Limited
ACE.NS,India,Action Construction Equipment Limited
MAHSCOOTER.NS,India,Maharashtra Scooters Limited
DELTACORP.NS,India,Delta Corp Limited
GLS.NS,India,Glenmark Life Sciences Limited
GHCL.NS,India,GHCL Limited
INDIGOPNTS.NS,India,Indigo Paints Limited
MAHSEAMLES.NS,India,Maharashtra Seamless Limited
SUPRAJIT.NS,India,Suprajit Engineering Limited
KFINTECH.NS,India,Kfin Technologies Limited
GSFC.NS,India,Gujarat State Fertilizers & Chemicals Limited
J&KBANK.NS,India,The Jammu & Kashmir Bank Limited
RELIGARE.NS,India,Religare Enterprises Limited
MASTEK.NS,India,Mastek Limited
SIS.NS,India,SIS LIMITED
JINDALSAW.NS,India,Jindal Saw Limited
TEGA.NS,India,Tega Industries Limited
SYRMA.NS,India,Syrma SGS Technology Limited
AVANTIFEED.NS,India,Avanti Feeds Limited
STARCEMENT.NS,India,Star Cement Limited
IBULHSGFIN.NS,India,Indiabulls Housing Finance Limited
RKFORGE.NS,India,Ramkrishna Forgings Limited
CAPLIPOINT.NS,India,Caplin Point Laboratories Limited
VAIBHAVGBL.NS,India,Vaibhav Global Limited
RBA.NS,India,Restaurant Brands Asia Limited
JUBLPHARMA.NS,India,Jubilant Pharmova Limited
SHARDACROP.NS,India,Sharda Cropchem Limited
NIITLTD.NS,India,NIIT Limited
PCBL.NS,India,PCBL LIMITED
MASFIN.NS,India,MAS Financial Services Limited
SCI.NS,India,Shipping Corporation Of India Limited
PDSL.NS,India,PDS Limited
GUJALKALI.NS,India,Gujarat Alkalies and Chemicals Limited
ELECON.NS,India,Elecon Engineering Company Limited
CMSINFO.NS,India,CMS Info Systems Limited
VMART.NS,India,V-Mart Retail Limited
ICRA.NS,India,ICRA Limited
JSWHL.NS,India,JSW Holdings Limited
FDC.NS,India,FDC Limited
CSBBANK.NS,India,CSB Bank Limited
KTKBANK.NS,India,The Karnataka Bank Limited
MMTC.NS,India,MMTC Limited
ENGINERSIN.NS,India,Engineers India Limited
SUNTECK.NS,India,Sunteck Realty Limited
PRIVISCL.NS,India,Privi Speciality Chemicals Limited
PARADEEP.NS,India,Paradeep Phosphates Limited
SOBHA.NS,India,Sobha Limited
FUSION.NS,India,Fusion Micro Finance Limited
GMDCLTD.NS,India,Gujarat Mineral Development Corporation Limited
VIJAYA.NS,India,Vijaya Diagnostic Centre Limited
JAMNAAUTO.NS,India,Jamna Auto Industries Limited
ANANTRAJ.NS,India,Anant Raj Limited
SANSERA.NS,India,Sansera Engineering Limited
MFL.NS,India,Meghmani Finechem Limited
AHLUCONT.NS,India,Ahluwalia Contracts (India) Limited
BSHSL.NS,India,Bombay Super Hybrid Seeds Limited
TATACOFFEE.NS,India,Tata Coffee Limited
TEAMLEASE.NS,India,Teamlease Services Limited
JKTYRE.NS,India,JK Tyre & Industries Limited
VARROC.NS,India,Varroc Engineering Limited
GREENLAM.NS,India,Greenlam Industries Limited
JPPOWER.NS,India,Jaiprakash Power Ventures Limited
INFIBEAM.NS,India,Infibeam Avenues Limited
SPANDANA.NS,India,Spandana Sphoorty Financial Limited
HSCL.NS,India,Himadri Speciality Chemical Limited
BHARATRAS.NS,India,Bharat Rasayan Limited
RAJRATAN.NS,India,Rajratan Global Wire Limited
LAOPALA.NS,India,La Opala RG Limited
SARDAEN.NS,India,Sarda Energy & Minerals Limited
RALLIS.NS,India,Rallis India Limited
BOROLTD.NS,India,Borosil Limited
RATEGAIN.NS,India,Rategain Travel Technologies Limited
SCHNEIDER.NS,India,Schneider Electric Infrastructure Limited
RPOWER.NS,India,Reliance Power Limited
ARVINDFASN.NS,India,Arvind Fashions Limited
TATVA.NS,India,Tatva Chintan Pharma Chem Limited
POWERMECH.NS,India,Power Mech Projects Limited
HCG.NS,India,Healthcare Global Enterprises Limited
NESCO.NS,India,Nesco Limited
HEIDELBERG.NS,India,HeidelbergCement India Limited
TECHNOE.NS,India,Techno Electric & Engineering Company Limited
POLYPLEX.NS,India,Polyplex Corporation Limited
SURYAROSNI.NS,India,Surya Roshni Limited
AUTOAXLES.NS,India,Automotive Axles Limited
JWL.NS,India,Jupiter Wagons Limited
NFL.NS,India,National Fertilizers Limited
HEG.NS,India,HEG Limited
RAJRILTD.NS,India,Raj Rayon Industries Limited
CHENNPETRO.NS,India,Chennai Petroleum Corporation Limited
WSTCSTPAPR.NS,India,West Coast Paper Mills Limited
LUXIND.NS,India,Lux Industries Limited
HIKAL.NS,India,Hikal Limited
MIDHANI.NS,India,Mishra Dhatu Nigam Limited
HLEGLAS.NS,India,HLE Glascoat Limited
SHAREINDIA.NS,India,Share India Securities Limited
NOCIL.NS,India,NOCIL Limited
NAZARA.NS,India,Nazara Technologies Limited
BANARISUG.NS,India,Bannari Amman Sugars Limited
ANANDRATHI.NS,India,Anand Rathi Wealth Limited
PRUDENT.NS,India,Prudent Corporate Advisory Services Limited
GRAVITA.NS,India,Gravita India Limited
GREENPANEL.NS,India,Greenpanel Industries Limited
VESUVIUS.NS,India,Vesuvius India Limited
DCBBANK.NS,India,DCB Bank Limited
ROSSARI.NS,India,Rossari Biotech Limited
RESPONIND.NS,India,Responsive Industries Limited
TINPLATE.NS,India,The Tinplate Company of India Limited
KIRLOSBROS.NS,India,Kirloskar Brothers Limited
RAILTEL.NS,India,Railtel Corporation Of India Limited
AMIORG.NS,India,Ami Organics Limited
ISGEC.NS,India,Isgec Heavy Engineering Limited
NEOGEN.NS,India,Neogen Chemicals Limited
MARKSANS.NS,India,Marksans Pharma Limited
NAVA.NS,India,NAVA LIMITED
NEWGEN.NS,India,Newgen Software Technologies Limited
BECTORFOOD.NS,India,Mrs. Bectors Food Specialities Limited
TWL.NS,India,Titagarh Wagons Limited
AARTIDRUGS.NS,India,Aarti Drugs Limited
UJJIVAN.NS,India,Ujjivan Financial Services Limited
GATEWAY.NS,India,Gateway Distriparks Limited
SULA.NS,India,Sula Vineyards Limited
DAAWAT.NS,India,LT Foods Limited
SOUTHBANK.NS,India,The South Indian Bank Limited
GET&D.NS,India,GE T&D India Limited
HARSHA.NS,India,Harsha Engineers International Limited
PGEL.NS,India,PG Electroplast Limited
RSYSTEMS.NS,India,R Systems International Limited
INDOCO.NS,India,Indoco Remedies Limited
MOLDTKPAC.NS,India,Mold-Tek Packaging Limited
IFBIND.NS,India,IFB Industries Limited
SBCL.NS,India,Shivalik Bimetal Controls Limited
BCG.NS,India,Brightcom Group Limited
GREAVESCOT.NS,India,Greaves Cotton Limited
MOIL.NS,India,MOIL Limited
TATASTLLP.NS,India,Tata Steel Long Products Limited
TARSONS.NS,India,Tarsons Products Limited
SHANTIGEAR.NS,India,Shanthi Gears Limited
CHOICEIN.NS,India,Choice International Limited
TIIL.NS,India,Technocraft Industries (India) Limited
DHANUKA.NS,India,Dhanuka Agritech Limited
JCHAC.NS,India,Johnson Controls - Hitachi Air Conditioning India Limited
DODLA.NS,India,Dodla Dairy Limited
DALMIASUG.NS,India,Dalmia Bharat Sugar and Industries Limited
VOLTAMP.NS,India,Voltamp Transformers Limited
ASTEC.NS,India,Astec LifeSciences Limited
SUDARSCHEM.NS,India,Sudarshan Chemical Industries Limited
KSCL.NS,India,Kaveri Seed Company Limited
SUNFLAG.NS,India,Sunflag Iron And Steel Company Limited
IBREALEST.NS,India,Indiabulls Real Estate Limited
THOMASCOOK.NS,India,Thomas Cook  (India)  Limited
HBLPOWER.NS,India,HBL Power Systems Limited
INOXWIND.NS,India,Inox Wind Limited
NILKAMAL.NS,India,Nilkamal Limited
ZENTEC.NS,India,Zen Technologies Limited
TCNSBRANDS.NS,India,TCNS Clothing Co. Limited
ADVENZYMES.NS,India,Advanced Enzyme Technologies Limited
STAR.NS,India,Strides Pharma Science Limited
FCL.NS,India,Fineotex Chemical Limited
KKCL.NS,India,Kewal Kiran Clothing Limited
HINDWAREAP.NS,India,Hindware Home Innovation Limited
MAHLOG.NS,India,Mahindra Logistics Limited
EMIL.NS,India,Electronics Mart India Limited
JTEKTINDIA.NS,India,Jtekt India Limited
MANINFRA.NS,India,Man Infraconstruction Limited
ITDC.NS,India,India Tourism Development Corporation Limited
APCOTEXIND.NS,India,Apcotex Industries Limited
PRICOLLTD.NS,India,Pricol Limited
PTC.NS,India,PTC India Limited
AARTIPHARM.NS,India,Aarti Pharmalabs Limited
MBAPL.NS,India,Madhya Bharat Agro Products Limited
SAGCEM.NS,India,Sagar Cements Limited
TDPOWERSYS.NS,India,TD Power Systems Limited
JAICORPLTD.NS,India,Jai Corp Limited
DBL.NS,India,Dilip Buildcon Limited
BARBEQUE.NS,India,Barbeque Nation Hospitality Limited
UNIPARTS.NS,India,Uniparts India Limited
UFLEX.NS,India,UFLEX Limited
WONDERLA.NS,India,Wonderla Holidays Limited
PSPPROJECT.NS,India,PSP Projects Limited
KIRLOSIND.NS,India,Kirloskar Industries Limited
IPL.NS,India,India Pesticides Limited
DISHTV.NS,India,Dish TV India Limited
TATAMETALI.NS,India,Tata Metaliks Limited
PAISALO.NS,India,Paisalo Digital Limited
PFOCUS.NS,India,Prime Focus Limited
HEMIPROP.NS,India,Hemisphere Properties India Limited
LGBBROSLTD.NS,India,LG Balakrishnan & Bros Limited
MAITHANALL.NS,India,Maithan Alloys Limited
SSWL.NS,India,Steel Strips Wheels Limited
NEULANDLAB.NS,India,Neuland Laboratories Limited
HATHWAY.NS,India,Hathway Cable & Datacom Limited
THYROCARE.NS,India,Thyrocare Technologies Limited
ORIENTCEM.NS,India,Orient Cement Limited
DREAMFOLKS.NS,India,Dreamfolks Services Limited
ETHOSLTD.NS,India,Ethos Limited
GLOBUSSPR.NS,India,Globus Spirits Limited
GANESHHOUC.NS,India,Ganesh Housing Corporation Limited
ARVIND.NS,India,Arvind Limited
ICIL.NS,India,Indo Count Industries Limited
SHRIPISTON.NS,India,Shriram Pistons & Rings Limited
WOCKPHARMA.NS,India,Wockhardt Limited
DBREALTY.NS,India,D B Realty Limited
ISMTLTD.NS,India,ISMT Limited
JINDALPOLY.NS,India,Jindal Poly Films Limited
WABAG.NS,India,VA Tech Wabag Limited
BAJAJCON.NS,India,Bajaj Consumer Care Limited
GENUSPOWER.NS,India,Genus Power Infrastructures Limited
BUTTERFLY.NS,India,Butterfly Gandhimathi Appliances Limited
NAVNETEDUL.NS,India,Navneet Education Limited
GOKEX.NS,India,Gokaldas Exports Limited
APOLLOPIPE.NS,India,Apollo Pipes Limited
LANDMARK.NS,India,Landmark Cars Limited
IFCI.NS,India,IFCI Limited
ATFL.NS,India,Agro Tech Foods Limited
EVEREADY.NS,India,Eveready Industries India Limited
AGI.NS,India,AGI Greenpac Limited
TI.NS,India,Tilaknagar Industries Limited
ASHOKA.NS,India,Ashoka Buildcon Limited
SOMANYCERA.NS,India,Somany Ceramics Limited
HCC.NS,India,Hindustan Construction Company Limited
JISLJALEQS.NS,India,Jain Irrigation Systems Limited
VINDHYATEL.NS,India,Vindhya Telelinks Limited
FIEMIND.NS,India,Fiem Industries Limited
TASTYBITE.NS,India,Tasty Bite Eatables Limited
JAYNECOIND.NS,India,Jayaswal Neco Industries Limited
HONDAPOWER.NS,India,Honda India Power Products Limited
UNICHEMLAB.NS,India,Unichem Laboratories Limited
MUKANDLTD.NS,India,Mukand Limited
CIGNITITEC.NS,India,Cigniti Technologies Limited
MMFL.NS,India,MM Forgings Limited
VENKEYS.NS,India,Venky's (India) Limited
RAMKY.NS,India,Ramky Infrastructure Limited
DIVGIITTS.NS,India,Divgi Torqtransfer Systems Limited
CAMLINFINE.NS,India,Camlin Fine Sciences Limited
SHILPAMED.NS,India,Shilpa Medicare Limited
GULFOILLUB.NS,India,Gulf Oil Lubricants India Limited
MOL.NS,India,Meghmani Organics Limited
DOLLAR.NS,India,Dollar Industries Limited
VSTTILLERS.NS,India,V.S.T Tillers Tractors Limited
SUBROS.NS,India,Subros Limited
DCAL.NS,India,Dishman Carbogen Amcis Limited
GABRIEL.NS,India,Gabriel India Limited
MAXVIL.NS,India,Max Ventures and Industries Limited
SIYSIL.NS,India,Siyaram Silk Mills Limited
TVSSRICHAK.NS,India,TVS Srichakra Limited
ASTRAMICRO.NS,India,Astra Microwave Products Limited
JKIL.NS,India,J.Kumar Infraprojects Limited
JAGRAN.NS,India,Jagran Prakashan Limited
ELECTCAST.NS,India,Electrosteel Castings Limited
CARERATING.NS,India,CARE Ratings Limited
INDIAGLYCO.NS,India,India Glycols Limited
BALMLAWRIE.NS,India,Balmer Lawrie & Company Limited
KOLTEPATIL.NS,India,Kolte - Patil Developers Limited
IMAGICAA.NS,India,Imagicaaworld Entertainment Limited
WELENT.NS,India,Welspun Enterprises Limited
TIPSINDLTD.NS,India,TIPS Industries Limited
SWARAJENG.NS,India,Swaraj Engines Limited
MAYURUNIQ.NS,India,Mayur Uniquoters Ltd
GANECOS.NS,India,Ganesha Ecosphere Limited
PARAS.NS,India,Paras Defence and Space Technologies Limited
LUMAXTECH.NS,India,Lumax Auto Technologies Limited
ACCELYA.NS,India,Accelya Solutions India Limited
KESORAMIND.NS,India,Kesoram Industries Limited
CARTRADE.NS,India,Cartrade Tech Limited
MPSLTD.NS,India,MPS Limited
SEQUENT.NS,India,Sequent Scientific Limited
HIL.NS,India,HIL Limited
GUFICBIO.NS,India,Gufic Biosciences Limited
ITDCEM.NS,India,ITD Cementation India Limited
PILANIINVS.NS,India,Pilani Investment and Industries Corporation Limited
MSTCLTD.NS,India,Mstc Limited
LSIL.NS,India,Lloyds Steels Industries Limited
PANAMAPET.NS,India,Panama Petrochem Limited
OPTIEMUS.NS,India,Optiemus Infracom Limited
SIRCA.NS,India,Sirca Paints India Limited
TIRUMALCHM.NS,India,Thirumalai Chemicals Limited
DYNAMATECH.NS,India,Dynamatic Technologies Limited
SUNDARMHLD.NS,India,Sundaram Finance Holdings Limited
TIMETECHNO.NS,India,Time Technoplast Limited
DBCORP.NS,India,D.B.Corp Limited
ASHIANA.NS,India,Ashiana Housing Limited
CONFIPET.NS,India,Confidence Petroleum India Limited
DIAMONDYD.NS,India,Prataap Snacks Limited
NUCLEUS.NS,India,Nucleus Software Exports Limited
GREENPLY.NS,India,Greenply Industries Limited
JPASSOCIAT.NS,India,Jaiprakash Associates Limited
WENDT.NS,India,Wendt (India) Limited
FINOPB.NS,India,Fino Payments Bank Limited
FMGOETZE.NS,India,Federal-Mogul Goetze (India) Limited.
SANGHIIND.NS,India,Sanghi Industries Limited
VAKRANGEE.NS,India,Vakrangee Limited
GNA.NS,India,GNA Axles Limited
AMRUTANJAN.NS,India,Amrutanjan Health Care Limited
EMUDHRA.NS,India,eMudhra Limited
DATAMATICS.NS,India,Datamatics Global Services Limited
SHARDAMOTR.NS,India,Sharda Motor Industries Limited
IOLCP.NS,India,IOL Chemicals and Pharmaceuticals Limited
LUMAXIND.NS,India,Lumax Industries Limited
BAJAJHIND.NS,India,Bajaj Hindusthan Sugar Limited
STYLAMIND.NS,India,Stylam Industries Limited
ANDHRAPAP.NS,India,ANDHRA PAPER LIMITED
SOTL.NS,India,Savita Oil Technologies Limited
ADFFOODS.NS,India,ADF Foods Limited
VIDHIING.NS,India,Vidhi Specialty Food Ingredients Limited
KABRAEXTRU.NS,India,Kabra Extrusion Technik Limited
BEPL.NS,India,Bhansali Engineering Polymers Limited
RUPA.NS,India,Rupa & Company Limited
NACLIND.NS,India,NACL Industries Limited
VSSL.NS,India,Vardhman Special Steels Limited
VISHNU.NS,India,Vishnu Chemicals Limited
DWARKESH.NS,India,Dwarikesh Sugar Industries Limited
DHANI.NS,India,Dhani Services Limited
BANCOINDIA.NS,India,Banco Products (I) Limited
KINGFA.NS,India,Kingfa Science & Technology (India) Limited
SUBEXLTD.NS,India,Subex Limited
HINDOILEXP.NS,India,Hindustan Oil Exploration Company Limited
RTNPOWER.NS,India,RattanIndia Power Limited
VADILALIND.NS,India,Vadilal Industries Limited
BBOX.NS,India,Black Box Limited
ORCHPHARMA.NS,India,Orchid Pharma Limited
PURVA.NS,India,Puravankara Limited
COSMOFIRST.NS,India,COSMO FIRST LIMITED
IMFA.NS,India,Indian Metals & Ferro Alloys Limited
SUPRIYA.NS,India,Supriya Lifescience Limited
SAKSOFT.NS,India,Saksoft Limited
IIFLSEC.NS,India,IIFL Securities Limited
SANGHVIMOV.NS,India,Sanghvi Movers Limited
GOKULAGRO.NS,India,Gokul Agro Resources Limited
ALEMBICLTD.NS,India,Alembic Limited
VENUSPIPES.NS,India,Venus Pipes & Tubes Limited
SEAMECLTD.NS,India,Seamec Limited
TNPL.NS,India,Tamil Nadu Newsprint & Papers Limited
KPIGREEN.NS,India,KPI Green Energy Limited
BFINVEST.NS,India,BF Investment Limited
SESHAPAPER.NS,India,Seshasayee Paper and Boards Limited
DHAMPURSUG.NS,India,Dhampur Sugar Mills Limited
ANDHRSUGAR.NS,India,The Andhra Sugars Limited
KIRIINDUS.NS,India,Kiri Industries Limited
TTKHLTCARE.NS,India,TTK Healthcare Limited
CARYSIL.NS,India,CARYSIL LIMITED
GOCLCORP.NS,India,GOCL Corporation Limited
JSWISPL.NS,India,JSW Ispat Special Products Limited
STERTOOLS.NS,India,Sterling Tools Limited
SHALBY.NS,India,Shalby Limited
TIDEWATER.NS,India,Tide Water Oil Company (India) Limited
KRSNAA.NS,India,Krsnaa Diagnostics Limited
KRISHANA.NS,India,Krishana Phoschem Limited
HUHTAMAKI.NS,India,Huhtamaki India Limited
BBL.NS,India,Bharat Bijlee Limited
SEPC.NS,India,SEPC Limited
ORISSAMINE.NS,India,The Orissa Minerals Development Company Limited
FILATEX.NS,India,Filatex India Limited
THEJO.NS,India,Thejo Engineering Limited
APTECHT.NS,India,Aptech Limited
ORIENTHOT.NS,India,Oriental Hotels Limited
DCXINDIA.NS,India,DCX Systems Limited
FOSECOIND.NS,India,Foseco India Limited
GOLDIAM.NS,India,Goldiam International Limited
SHANKARA.NS,India,Shankara Building Products Limited
INSECTICID.NS,India,Insecticides (India) Limited
THANGAMAYL.NS,India,Thangamayil Jewellery Limited
SHK.NS,India,S H Kelkar and Company Limited
TEXRAIL.NS,India,Texmaco Rail & Engineering Limited
CANTABIL.NS,India,Cantabil Retail India Limited
GALLANTT.NS,India,Gallantt Ispat Limited
HERITGFOOD.NS,India,Heritage Foods Limited
KCP.NS,India,KCP Limited
MOREPENLAB.NS,India,Morepen Laboratories Limited
GATI.NS,India,GATI Limited
RAMASTEEL.NS,India,Rama Steel Tubes Limited
HESTERBIO.NS,India,Hester Biosciences Limited
NRBBEARING.NS,India,NRB Bearing Limited
INDOSTAR.NS,India,IndoStar Capital Finance Limited
MONTECARLO.NS,India,Monte Carlo Fashions Limited
KSL.NS,India,Kalyani Steels Limited
KDDL.NS,India,KDDL Limited
TCPLPACK.NS,India,TCPL Packaging Limited
MARATHON.NS,India,Marathon Nextgen Realty Limited
ARVSMART.NS,India,Arvind SmartSpaces Limited
DCW.NS,India,DCW Limited
DEN.NS,India,Den Networks Limited
STEELXIND.NS,India,STEEL EXCHANGE INDIA LIMITED
EIHAHOTELS.NS,India,EIH Associated Hotels Limited
IGPL.NS,India,IG Petrochemicals Limited
NITINSPIN.NS,India,Nitin Spinners Limited
EXPLEOSOL.NS,India,Expleo Solutions Limited
VERANDA.NS,India,Veranda Learning Solutions Limited
SALASAR.NS,India,Salasar Techno Engineering Limited
STYRENIX.NS,India,Styrenix Performance Materials Limited
ADORWELD.NS,India,Ador Welding Limited
BHAGCHEM.NS,India,Bhagiradha Chemicals & Industries Limited
PCJEWELLER.NS,India,PC Jeweller Limited
GENESYS.NS,India,Genesys International Corporation Limited
STOVEKRAFT.NS,India,Stove Kraft Limited
RANEHOLDIN.NS,India,Rane Holdings Limited
NDTV.NS,India,New Delhi Television Limited
XPROINDIA.NS,India,Xpro India Limited
MANORAMA.NS,India,Manorama Industries Limited
GRWRHITECH.NS,India,Garware Hi-Tech Films Limited
HARIOMPIPE.NS,India,Hariom Pipe Industries Limited
SANDHAR.NS,India,Sandhar Technologies Limited
AVTNPL.NS,India,AVT Natural Products Limited
IWEL.NS,India,Inox Wind Energy Limited
SJS.NS,India,S.J.S. Enterprises Limited
EVERESTIND.NS,India,Everest Industries Limited
FAIRCHEMOR.NS,India,Fairchem Organics Limited
SASKEN.NS,India,Sasken Technologies Limited
OAL.NS,India,Oriental Aromatics Limited
NELCO.NS,India,NELCO Limited
RIIL.NS,India,Reliance Industrial Infrastructure Limited
SOLARA.NS,India,Solara Active Pharma Sciences Limited
TAJGVK.NS,India,Taj GVK Hotels & Resorts Limited
BOMDYEING.NS,India,Bombay Dyeing & Mfg Company Limited
MANGCHEFER.NS,India,Mangalore Chemicals & Fertilizers Limited
GOODLUCK.NS,India,Goodluck India Limited
RPGLIFE.NS,India,RPG Life Sciences Limited
PATELENG.NS,India,Patel Engineering Limited
SPIC.NS,India,Southern Petrochemicals Industries Corporation  Limited
INOXGREEN.NS,India,Inox Green Energy Services Limited
GIPCL.NS,India,Gujarat Industries Power Company Limited
UNIVCABLES.NS,India,Universal Cables Limited
NSIL.NS,India,Nalwa Sons Investments Limited
HMT.NS,India,HMT Limited
MATRIMONY.NS,India,Matrimony.Com Limited
MTNL.NS,India,Mahanagar Telephone Nigam Limited
SDBL.NS,India,Som Distilleries & Breweries Limited
VALIANTORG.NS,India,Valiant Organics Limited
ARMANFIN.NS,India,Arman Financial Services Limited
REPCOHOME.NS,India,Repco Home Finance Limited
HERANBA.NS,India,Heranba Industries Limited
BFUTILITIE.NS,India,BF Utilities Limited
PRECWIRE.NS,India,Precision Wires India Limited
AXITA.NS,India,Axita Cotton Limited
GRMOVER.NS,India,GRM Overseas Limited
GTPL.NS,India,GTPL Hathway Limited
IGARASHI.NS,India,Igarashi Motors India Limited
INFOBEAN.NS,India,InfoBeans Technologies Limited
ALICON.NS,India,Alicon Castalloy Limited
THEMISMED.NS,India,Themis Medicare Limited
TVTODAY.NS,India,TV Today Network Limited
WHEELS.NS,India,Wheels India Limited
RPSGVENT.NS,India,RPSG VENTURES LIMITED
RAMCOIND.NS,India,Ramco Industries Limited
SMLISUZU.NS,India,SML Isuzu Limited
AHL.NS,India,Abans Holdings Limited
UNIENTER.NS,India,Uniphos Enterprises Limited
SATIN.NS,India,Satin Creditcare Network Limited
KUANTUM.NS,India,Kuantum Papers Limited
GANESHBE.NS,India,Ganesh Benzoplast Limited
SUVEN.NS,India,Suven Life Sciences Limited
SATIA.NS,India,Satia Industries Limited
GULPOLY.NS,India,Gulshan Polyols Limited
UGARSUGAR.NS,India,The Ugar Sugar Works Limited
MANALIPETC.NS,India,Manali Petrochemicals Limited
PIXTRANS.NS,India,Pix Transmissions Limited
SHRIRAMPPS.NS,India,Shriram Properties Limited
RADIANTCMS.NS,India,Radiant Cash Management Services Limited
PNBGILTS.NS,India,PNB Gilts Limited
INDORAMA.NS,India,Indo Rama Synthetics (India) Limited
ASHAPURMIN.NS,India,Ashapura Minechem Limited
UGROCAP.NS,India,Ugro Capital Limited
AXISCADES.NS,India,AXISCADES Technologies Limited
HITECH.NS,India,Hi-Tech Pipes Limited
PUNJABCHEM.NS,India,Punjab Chemicals & Crop Protection Limited
SURYODAY.NS,India,Suryoday Small Finance Bank Limited
EKC.NS,India,Everest Kanto Cylinder Limited
JASH.NS,India,Jash Engineering Limited
DPSCLTD.NS,India,DPSC Limited
TARC.NS,India,TARC Limited
BHARATWIRE.NS,India,Bharat Wire Ropes Limited
EXCELINDUS.NS,India,Excel Industries Limited
SPECIALITY.NS,India,Speciality Restaurants Limited
ANUP.NS,India,The Anup Engineering Limited
SKIPPER.NS,India,Skipper Limited
AJMERA.NS,India,Ajmera Realty & Infra India Limited
SHALPAINTS.NS,India,Shalimar Paints Limited
GMBREW.NS,India,GM Breweries Limited
SANGAMIND.NS,India,Sangam (India) Limited
SHIVALIK.NS,India,Shivalik Rasayan Limited
GMRP&UI.NS,India,GMR Power and Urban Infra Limited
PENIND.NS,India,Pennar Industries Limited
GEOJITFSL.NS,India,Geojit Financial Services Limited
BCLIND.NS,India,Bcl Industries Limited
DBOL.NS,India,Dhampur Bio Organics Limited
SHAILY.NS,India,Shaily Engineering Plastics Limited
LIKHITHA.NS,India,Likhitha Infrastructure Limited
MADRASFERT.NS,India,Madras Fertilizers Limited
STEELCAS.NS,India,Steelcast Limited
MKPL.NS,India,M K Proteins Limited
ROSSELLIND.NS,India,Rossell India Limited
KITEX.NS,India,Kitex Garments Limited
PRAKASH.NS,India,Prakash Industries Limited
ARTEMISMED.NS,India,Artemis Medicare Services Limited
RICOAUTO.NS,India,Rico Auto Industries Limited
OMAXE.NS,India,Omaxe Limited
CENTUM.NS,India,Centum Electronics Limited
ROTO.NS,India,Roto Pumps Limited
PRECAM.NS,India,Precision Camshafts Limited
BIGBLOC.NS,India,Bigbloc Construction Limited
SHREDIGCEM.NS,India,Shree Digvijay Cement Co.Ltd
CLSEL.NS,India,Chaman Lal Setia Exports Limited
GTLINFRA.NS,India,GTL Infrastructure Limited
PGIL.NS,India,Pearl Global Industries Limited
UTTAMSUGAR.NS,India,Uttam Sugar Mills Limited
AVADHSUGAR.NS,India,Avadh Sugar & Energy Limited
PITTIENG.NS,India,Pitti Engineering Limited
5PAISA.NS,India,5Paisa Capital Limited
NAHARSPING.NS,India,Nahar Spinning Mills Limited
SPCENET.NS,India,Spacenet Enterprises India Limited
SPORTKING.NS,India,Sportking India Limited
DEEPINDS.NS,India,Deep Industries Limited
PARAGMILK.NS,India,Parag Milk Foods Limited
AGARIND.NS,India,Agarwal Industrial Corporation Limited
CONTROLPR.NS,India,Control Print Limited
BAJAJHCARE.NS,India,Bajaj Healthcare Limited
KAMDHENU.NS,India,Kamdhenu Limited
CHEMCON.NS,India,Chemcon Speciality Chemicals Limited
GICHSGFIN.NS,India,GIC Housing Finance Limited
MEDICAMEQ.NS,India,Medicamen Biotech Limited
DLINKINDIA.NS,India,D-Link (India) Limited
ARIHANTSUP.NS,India,Arihant Superstructures Limited
VHL.NS,India,Vardhman Holdings Limited
PFS.NS,India,PTC India Financial Services Limited
HEXATRADEX.NS,India,Hexa Tradex Limited
RILINFRA.NS,India,Rachana Infrastructure Limited
CAPACITE.NS,India,Capacit'e Infraprojects Limited
SPAL.NS,India,S. P. Apparels Limited
NCLIND.NS,India,NCL Industries Limited
63MOONS.NS,India,63 moons technologies limited
NAVKARCORP.NS,India,Navkar Corporation Limited
ORIENTPPR.NS,India,Orient Paper & Industries Limited
DREDGECORP.NS,India,Dredging Corporation of India Limited
AMBIKCO.NS,India,Ambika Cotton Mills Limited
CENTRUM.NS,India,Centrum Capital Limited
LINC.NS,India,Linc Limited
RGL.NS,India,Renaissance Global Limited
SCHAND.NS,India,S Chand And Company Limited
NELCAST.NS,India,Nelcast Limited
FAZE3Q.NS,India,Faze Three Limited
KICL.NS,India,Kalyani Investment Company Limited
DVL.NS,India,Dhunseri Ventures Limited
JAGSNPHARM.NS,India,Jagsonpal Pharmaceuticals Limited
POKARNA.NS,India,Pokarna Limited
IFGLEXPOR.NS,India,IFGL Refractories Limited
TRIL.NS,India,Transformers And Rectifiers (India) Limited
CENTENKA.NS,India,Century Enka Limited
SMCGLOBAL.NS,India,SMC Global Securities Limited
ROHLTD.NS,India,Royal Orchid Hotels Limited
INDNIPPON.NS,India,India Nippon Electricals Limited
SHAKTIPUMP.NS,India,Shakti Pumps (India) Limited
NGLFINE.NS,India,NGL Fine-Chem Limited
IMPAL.NS,India,India Motor Parts and Accessories Limited
BLISSGVS.NS,India,Bliss GVS Pharma Limited
ALLSEC.NS,India,Allsec Technologies Limited
ORIENTBELL.NS,India,Orient Bell Limited
MANGLMCEM.NS,India,Mangalam Cement Limited
SANDESH.NS,India,The Sandesh Limited
BODALCHEM.NS,India,Bodal Chemicals Limited
ESTER.NS,India,Ester Industries Limited
ZOTA.NS,India,Zota Health Care LImited
RSWM.NS,India,RSWM Limited
INDRAMEDCO.NS,India,Indraprastha Medical Corporation Limited
QUICKHEAL.NS,India,Quick Heal Technologies Limited
SRHHYPOLTD.NS,India,Sree Rayalaseema Hi-Strength Hypo Limited
AURIONPRO.NS,India,Aurionpro Solutions Limited
GSLSU.NS,India,Global Surfaces Limited
SASTASUNDR.NS,India,Sastasundar Ventures Limited
MANAKSIA.NS,India,Manaksia Limited
AWHCL.NS,India,Antony Waste Handling Cell Limited
BLKASHYAP.NS,India,B. L. Kashyap and Sons Limited
RAMRAT.NS,India,Ram Ratna Wires Limited
JINDRILL.NS,India,Jindal Drilling And Industries Limited
VIMTALABS.NS,India,Vimta Labs Limited
CLOUD.NS,India,Varanium Cloud Limited
DPABHUSHAN.NS,India,D. P. Abhushan Limited
MOLDTECH.NS,India,Mold-Tek Technologies Limited
ATULAUTO.NS,India,Atul Auto Limited
KOKUYOCMLN.NS,India,Kokuyo Camlin Limited
SIGACHI.NS,India,Sigachi Industries Limited
HIMATSEIDE.NS,India,Himatsingka Seide Limited
LINCOLN.NS,India,Lincoln Pharmaceuticals Limited
GREENPOWER.NS,India,Orient Green Power Company Limited
EMAMIPAP.NS,India,Emami Paper Mills Limited
SATINDLTD.NS,India,Sat Industries Limited
RAMCOSYS.NS,India,Ramco Systems Limited
HPAL.NS,India,HP Adhesives Limited
OCCL.NS,India,Oriental Carbon & Chemicals Limited
FOCUS.NS,India,Focus Lighting and Fixtures Limited
GEPIL.NS,India,GE Power India Limited
SUTLEJTEX.NS,India,Sutlej Textiles and Industries Limited
PANACEABIO.NS,India,Panacea Biotec Limited
JAIBALAJI.NS,India,Jai Balaji Industries Limited
RML.NS,India,Rane (Madras) Limited
JETAIRWAYS.NS,India,Jet Airways (India) Limited
TRACXN.NS,India,Tracxn Technologies Limited
KHAICHEM.NS,India,Khaitan Chemicals & Fertilizers Limited
TNPETRO.NS,India,Tamilnadu PetroProducts Limited
ONWARDTEC.NS,India,Onward Technologies Limited
TFCILTD.NS,India,Tourism Finance Corporation of India Limited
ONMOBILE.NS,India,OnMobile Global Limited
INNOVANA.NS,India,Innovana Thinklabs Limited
GANDHITUBE.NS,India,Gandhi Special Tubes Limited
TEXINFRA.NS,India,Texmaco Infrastructure & Holdings Limited
MEDICO.NS,India,Medico Remedies Limited
TVSELECT.NS,India,TVS Electronics Limited
HEUBACHIND.NS,India,Heubach Colorants India Limited
VINYLINDIA.NS,India,Vinyl Chemicals (India) Limited
PARACABLES.NS,India,Paramount Communications Limited
FOODSIN.NS,India,Foods & Inns Limited
HLVLTD.NS,India,HLV LIMITED
COFFEEDAY.NS,India,Coffee Day Enterprises Limited
BETA.NS,India,Beta Drugs Limited
APEX.NS,India,Apex Frozen Foods Limited
YUKEN.NS,India,Yuken India Limited
ELIN.NS,India,Elin Electronics Limited
MONARCH.NS,India,Monarch Networth Capital Limited
DMCC.NS,India,DMCC SPECIALITY CHEMICALS LIMITED
CHEVIOT.NS,India,Cheviot Company Limited
XCHANGING.NS,India,Xchanging Solutions Limited
VISAKAIND.NS,India,Visaka Industries Limited
SUMMITSEC.NS,India,Summit Securities Limited
SUKHJITS.NS,India,Sukhjit Starch & Chemicals Limited
INDIANHUME.NS,India,Indian Hume Pipe Company Limited
JUBLINDS.NS,India,Jubilant Industries Limited
ASALCBR.NS,India,Associated Alcohols & Breweries Ltd.
DECCANCE.NS,India,Deccan Cements Limited
JAYBARMARU.NS,India,Jay Bharat Maruti Limited
COOLCAPS.NS,India,Cool Caps Industries Limited
APOLLO.NS,India,Apollo Micro Systems Limited
ELDEHSG.NS,India,Eldeco Housing And Industries Limited
HERCULES.NS,India,Hercules Hoists Limited
4THDIM.NS,India,Fourth Dimension Solutions Limited
KRITI.NS,India,Kriti Industries (India) Limited
AGSTRA.NS,India,AGS Transact Technologies Limited
NAHARPOLY.NS,India,Nahar Poly Films Limited
MANINDS.NS,India,Man Industries (India) Limited
ENIL.NS,India,Entertainment Network (India) Limited
SYNCOMF.NS,India,Syncom Formulations (India) Limited
KAMOPAINTS.NS,India,Kamdhenu Ventures Limited
NAGAFERT.NS,India,Nagarjuna Fertilizers and Chemicals Limited
SCPL.NS,India,Sheetal Cool Products Limited
HPL.NS,India,HPL Electric & Power Limited
INDOAMIN.NS,India,Indo Amines Limited
DCMSRIND.NS,India,DCM Shriram Industries Limited
MENONBE.NS,India,Menon Bearings Limited
VASCONEQ.NS,India,Vascon Engineers Limited
VLSFINANCE.NS,India,VLS Finance Limited
BALAXI.NS,India,BALAXI PHARMACEUTICALS LIMITED
ZEEMEDIA.NS,India,Zee Media Corporation Limited
CREATIVE.NS,India,Creative Newtech Limited
KRISHIVAL.NS,India,Empyrean Cashews Limited
SNOWMAN.NS,India,Snowman Logistics Limited
KOPRAN.NS,India,Kopran Limited
SHREYAS.NS,India,Shreyas Shipping & Logistics Limited
REFEX.NS,India,Refex Industries Limited
KSOLVES.NS,India,Ksolves India Limited
GFLLIMITED.NS,India,GFL Limited
SPECTRUM.NS,India,Spectrum Electrical Industries Limited
RUSHIL.NS,India,Rushil Decor Limited
IRISDOREME.NS,India,Iris Clothings Limited
BINDALAGRO.NS,India,Oswal Chemicals & Fertilizers Limited
SELMC.NS,India,SEL Manufacturing Company Limited
BHAGERIA.NS,India,Bhageria Industries Limited
ZUARI.NS,India,Zuari Agro Chemicals Limited
TALBROAUTO.NS,India,Talbros Automotive Components Limited
RUBYMILLS.NS,India,The Ruby Mills Limited
OSWALSEEDS.NS,India,ShreeOswal Seeds And Chemicals Limited
DPWIRES.NS,India,D P Wires Limited
SMSPHARMA.NS,India,SMS Pharmaceuticals Limited
DHARMAJ.NS,India,Dharmaj Crop Guard Limited
RBL.NS,India,Rane Brake Lining Limited
GOYALALUM.NS,India,Goyal Aluminiums Limited
NRL.NS,India,Nupur Recyclers Limited
MIRZAINT.NS,India,Mirza International Limited
VIKASLIFE.NS,India,Vikas Lifecare Limited
WINDLAS.NS,India,Windlas Biotech Limited
HITECHGEAR.NS,India,The Hi-Tech Gears Limited
SHREEPUSHK.NS,India,Shree Pushkar Chemicals & Fertilisers Limited
SPENCERS.NS,India,Spencer's Retail Limited
KANORICHEM.NS,India,Kanoria Chemicals & Industries Limited
JPOLYINVST.NS,India,Jindal Poly Investment and Finance Company Limited
ASAL.NS,India,Automotive Stampings and Assemblies Limited
SILVERTUC.NS,India,Silver Touch Technologies Limited
3IINFOLTD.NS,India,3i Infotech Limited
MALLCOM.NS,India,Mallcom (India) Limited
CREST.NS,India,Crest Ventures Limited
REPRO.NS,India,Repro India Limited
MARINE.NS,India,Marine Electricals (India) Limited
KECL.NS,India,Kirloskar Electric Company Limited
DENORA.NS,India,De Nora India Limited
EXXARO.NS,India,Exxaro Tiles Limited
MAGADSUGAR.NS,India,Magadh Sugar & Energy Limited
ASIANTILES.NS,India,Asian Granito India Limited
JAYAGROGN.NS,India,Jayant Agro Organics Limited
DIGISPICE.NS,India,DiGiSPICE Technologies Limited
BBTCL.NS,India,B&B Triplewall Containers Limited
PREMEXPLN.NS,India,Premier Explosives Limited
SWELECTES.NS,India,Swelect Energy Systems Limited
KELLTONTEC.NS,India,Kellton Tech Solutions Limited
MUTHOOTCAP.NS,India,Muthoot Capital Services Limited
APCL.NS,India,Anjani Portland Cement Limited
ASIANENE.NS,India,Asian Energy Services Limited
DONEAR.NS,India,Donear Industries Limited
ADSL.NS,India,Allied Digital Services Limited
BANSWRAS.NS,India,Banswara Syntex Limited
NAHARCAP.NS,India,Nahar Capital and Financial Services Limited
ICEMAKE.NS,India,Ice Make Refrigeration Limited
BAIDFIN.NS,India,Baid Finserv Limited
STCINDIA.NS,India,The State Trading Corporation of India Limited
TBZ.NS,India,Tribhovandas Bhimji Zaveri Limited
SALZERELEC.NS,India,Salzer Electronics Limited
IFBAGRO.NS,India,IFB Agro Industries Limited
PTL.NS,India,PTL Enterprises Limited
ARIHANTCAP.NS,India,Arihant Capital Markets Limited
CSLFINANCE.NS,India,CSL Finance Limited
JSLL.NS,India,Jeena Sikho Lifecare Limited
UNIVPHOTO.NS,India,Universus Photo Imagings Limited
HARDWYN.NS,India,Hardwyn India Limited
DSSL.NS,India,Dynacons Systems & Solutions Limited
REVATHI.NS,India,Revathi Equipment Limited
HCL-INSYS.NS,India,HCL Infosystems Limited
PLASTIBLEN.NS,India,Plastiblends India Limited
UNIDT.NS,India,United Drilling Tools Limited
CAREERP.NS,India,Career Point Limited
ARROWGREEN.NS,India,Arrow Greentech Limited
SREEL.NS,India,Sreeleathers Limited
SBC.NS,India,SBC Exports Limited
RADIOCITY.NS,India,Music Broadcast Limited
SERVOTECH.NS,India,Servotech Power Systems Limited
SAKAR.NS,India,Sakar Healthcare Limited
BALAJITELE.NS,India,Balaji Telefilms Limited
NXTDIGITAL.NS,India,NXTDIGITAL LIMITED
GOACARBON.NS,India,Goa Carbon Limited
BIRLACABLE.NS,India,Birla Cable Limited
RITCO.NS,India,Ritco Logistics Limited
SELAN.NS,India,Selan Exploration Technology Limited
ASCOM.NS,India,Ascom Leasing & Investments Limited
OSIAHYPER.NS,India,Osia Hyper Retail Limited
HINDCOMPOS.NS,India,Hindustan Composites Limited
DHANBANK.NS,India,Dhanlaxmi Bank Limited
DYCL.NS,India,Dynamic Cables Limited
DHUNINV.NS,India,Dhunseri Investments Limited
EIFFL.NS,India,Euro India Fresh Foods Limited
MUNJALAU.NS,India,Munjal Auto Industries Limited
NAHARINDUS.NS,India,Nahar Industrial Enterprises Limited
DELPHIFX.NS,India,DELPHI WORLD MONEY LIMITED
URJA.NS,India,Urja Global Limited
PRIMESECU.NS,India,Prime Securities Limited
NECLIFE.NS,India,Nectar Lifesciences Limited
NBIFIN.NS,India,N. B. I. Industrial Finance Company Limited
GRPLTD.NS,India,GRP Limited
MAWANASUG.NS,India,Mawana Sugars Limited
ZIMLAB.NS,India,Zim Laboratories Limited
PDMJEPAPER.NS,India,Pudumjee Paper Products Limited
ONEPOINT.NS,India,One Point One Solutions Limited
MAXIND.NS,India,Max India Limited
SHYAMCENT.NS,India,Shyam Century Ferrous Limited
VARDHACRLC.NS,India,Vardhman Acrylics Limited
RADHIKAJWE.NS,India,Radhika Jeweltech Limited
NPST.NS,India,Network People Services Technologies Limited
THEINVEST.NS,India,The Investment Trust Of India Limited
HTMEDIA.NS,India,HT Media Limited
NRAIL.NS,India,N R Agarwal Industries Limited
RCOM.NS,India,Reliance Communications Limited
DICIND.NS,India,DIC India Limited
OSWALAGRO.NS,India,Oswal Agro Mills Limited
POCL.NS,India,Pondy Oxides & Chemicals Limited
AARTISURF.NS,India,Aarti Surfactants Limited
SKMEGGPROD.NS,India,SKM Egg Products Export (India) Limited
SOLEX.NS,India,Solex Energy Limited
DEEPENR.NS,India,DEEP ENERGY RESOURCES LIMITED
FCSSOFT.NS,India,FCS Software Solutions Limited
MUNJALSHOW.NS,India,Munjal Showa Limited
KOTHARIPRO.NS,India,Kothari Products Limited
PONNIERODE.NS,India,Ponni Sugars (Erode) Limited
CHEMBOND.NS,India,Chembond Chemicals Ltd
USASEEDS.NS,India,Upsurge Seeds Of Agriculture Limited
KERNEX.NS,India,Kernex Microsystems (India) Limited
RANASUG.NS,India,Rana Sugars Limited
CUPID.NS,India,Cupid Limited
BGRENERGY.NS,India,BGR Energy Systems Limited
GENUSPAPER.NS,India,Genus Paper & Boards Limited
GSS.NS,India,GSS Infotech Limited
PENINLAND.NS,India,Peninsula Land Limited
JYOTISTRUC.NS,India,Jyoti Structures Limited
ADVANIHOTR.NS,India,Advani Hotels & Resorts (India) Limited
KAYA.NS,India,Kaya Limited
KOTHARIPET.NS,India,Kothari Petrochemicals Limited
LIBERTSHOE.NS,India,Liberty Shoes Limited
KHADIM.NS,India,Khadim India Limited
PPL.NS,India,Prakash Pipes Limited
VIPCLOTHNG.NS,India,VIP Clothing Limited
NDRAUTO.NS,India,Ndr Auto Components Limited
PROZONINTU.NS,India,Prozone Intu Properties Limited
INDOBORAX.NS,India,Indo Borax & Chemicals Limited
CONSOFINVT.NS,India,Consolidated Finvest & Holdings Limited
INDSWFTLAB.NS,India,Ind-Swift Laboratories Limited
ZUARIIND.NS,India,ZUARI INDUSTRIES LIMITED
GVKPIL.NS,India,GVK Power & Infrastructure Limited
SBGLP.NS,India,Suratwwala Business Group Limited
HIRECT.NS,India,Hind Rectifiers Limited
CHEMFAB.NS,India,Chemfab Alkalis Limited
GLOBAL.NS,India,Global Education Limited
ANNAPURNA.NS,India,Annapurna Swadisht Limited
INTLCONV.NS,India,International Conveyors Limited
EMKAYTOOLS.NS,India,Emkay Taps and Cutting Tools Limited
ORBTEXP.NS,India,Orbit Exports Limited
SOUTHWEST.NS,India,South West Pinnacle Exploration Limited
KAMATHOTEL.NS,India,Kamat Hotels (I) Limited
RAJMET.NS,India,Rajnandini Metal Limited
RAMAPHO.NS,India,Rama Phosphates Limited
OMINFRAL.NS,India,OM INFRA LIMITED
HMVL.NS,India,Hindustan Media Ventures Limited
AYMSYNTEX.NS,India,AYM Syntex Limited
MSPL.NS,India,MSP Steel & Power Limited
WEALTH.NS,India,Wealth First Portfolio Managers Limited
UNITECH.NS,India,Unitech Limited
WEBELSOLAR.NS,India,Websol Energy System Limited
NURECA.NS,India,Nureca Limited
LYKALABS.NS,India,Lyka Labs Limited
GKWLIMITED.NS,India,GKW Limited
MHLXMIRU.NS,India,Mahalaxmi Rubtech Limited
AURUM.NS,India,Aurum PropTech Limited
SKYGOLD.NS,India,Sky Gold Limited
ALBERTDAVD.NS,India,Albert David Limited
SHIVAUM.NS,India,Shiv Aum Steels Limited
PAVNAIND.NS,India,Pavna Industries Limited
CINELINE.NS,India,Cineline India Limited
KOTARISUG.NS,India,Kothari Sugars And Chemicals Limited
SHEMAROO.NS,India,Shemaroo Entertainment Limited
SILINV.NS,India,SIL Investments Limited
SKP.NS,India,SKP Bearing Industries Limited
MMP.NS,India,MMP Industries Limited
EQUIPPP.NS,India,Equippp Social Impact Technologies Limited
MANORG.NS,India,Mangalam Organics Limited
CYBERTECH.NS,India,Cybertech Systems And Software Limited
TRIGYN.NS,India,Trigyn Technologies Limited
SINTERCOM.NS,India,Sintercom India Limited
JINDALPHOT.NS,India,Jindal Photo Limited
SARLAPOLY.NS,India,Sarla Performance Fibers Limited
RUCHIRA.NS,India,Ruchira Papers Limited
ESSENTIA.NS,India,Integra Essentia Limited
MACPOWER.NS,India,Macpower CNC Machines Limited
AUTOIND.NS,India,Autoline Industries Limited
ORIENTABRA.NS,India,Orient Abrasives Limited
APOLSINHOT.NS,India,Apollo Sindoori Hotels Limited
DYNPRO.NS,India,Dynemic Products Limited
CLEDUCATE.NS,India,CL Educate Limited
PARSVNATH.NS,India,Parsvnath Developers Limited
GSCLCEMENT.NS,India,Gujarat Sidhee Cement Limited
MIRCELECTR.NS,India,MIRC Electronics Limited
VISHWARAJ.NS,India,Vishwaraj Sugar Industries Limited
HINDMOTORS.NS,India,Hindustan Motors Limited
NINSYS.NS,India,NINtec Systems Limited
NATHBIOGEN.NS,India,Nath Bio-Genes (India) Limited
KNAGRI.NS,India,KN Agri Resources Limited
GEECEE.NS,India,GeeCee Ventures Limited
KCPSUGIND.NS,India,KCP Sugar and Industries Corporation Limited
STEL.NS,India,Stel Holdings Limited
PODDARMENT.NS,India,Poddar Pigments Limited
KOTYARK.NS,India,Kotyark Industries Limited
HITECHCORP.NS,India,Hitech Corporation Limited
EUROBOND.NS,India,Euro Panel Products Limited
MICEL.NS,India,MIC Electronics Limited
ORICONENT.NS,India,Oricon Enterprises Limited
20MICRONS.NS,India,20 Microns Limited
MWL.NS,India,Mangalam Worldwide Limited
MINDTECK.NS,India,Mindteck (India) Limited
BMETRICS.NS,India,Bombay Metrics Supply Chain Limited
GOKUL.NS,India,Gokul Refoils and Solvent Limited
SECL.NS,India,Salasar Exteriors and Contour Limited
DUGLOBAL.NS,India,DUDIGITAL GLOBAL LIMITED
WEL.NS,India,Wonder Electricals Limited
SUPERHOUSE.NS,India,Superhouse Limited
LOYALTEX.NS,India,Loyal Textile Mills Limited
BPL.NS,India,BPL Limited
BIRLAMONEY.NS,India,Aditya Birla Money Limited
GPTINFRA.NS,India,GPT Infraprojects Limited
E2E.NS,India,E2E Networks Limited
SHIVAMAUTO.NS,India,Shivam Autotech Limited
DCMNVL.NS,India,DCM Nouvelle Limited
MAZDA.NS,India,Mazda Limited
MADHAVBAUG.NS,India,Vaidya Sane Ayurved Laboratories Limited
WINDMACHIN.NS,India,Windsor Machines Limited
BASML.NS,India,Bannari Amman Spinning Mills Limited
WALCHANNAG.NS,India,Walchandnagar Industries Limited
SEJALLTD.NS,India,Sejal Glass Limited
UCALFUEL.NS,India,Ucal Fuel Systems Limited
MAHEPC.NS,India,Mahindra EPC Irrigation Limited
V2RETAIL.NS,India,V2 Retail Limited
SAKUMA.NS,India,Sakuma Exports Limited
VERTOZ.NS,India,Vertoz Advertising Limited
KMSUGAR.NS,India,K.M.Sugar Mills Limited
ASHIMASYN.NS,India,Ashima Limited
UFO.NS,India,UFO Moviez India Limited
VIKASECO.NS,India,Vikas EcoTech Limited
SAKHTISUG.NS,India,Sakthi Sugars Limited
MAHESHWARI.NS,India,Maheshwari Logistics Limited
MAANALU.NS,India,Maan Aluminium Limited
HUBTOWN.NS,India,Hubtown Limited
REPL.NS,India,Rudrabhishek Enterprises Limited
QMSMEDI.NS,India,QMS Medical Allied Services Limited
MANAKSTEEL.NS,India,Manaksia Steels Limited
EMAMIREAL.NS,India,Emami Realty Limited
GENCON.NS,India,Generic Engineering Construction and Projects Limited
STARPAPER.NS,India,Star Paper Mills Limited
GUJAPOLLO.NS,India,Gujarat Apollo Industries Limited
JAYSREETEA.NS,India,Jayshree Tea & Industries Limited
NDL.NS,India,Nandan Denim Limited
BCONCEPTS.NS,India,Brand Concepts Limited
GIRRESORTS.NS,India,GIR Natureview Resorts Limited
SMLT.NS,India,Sarthak Metals Limited
TPLPLASTEH.NS,India,TPL Plastech Limited
TEMBO.NS,India,Tembo Global Industries Limited
DANGEE.NS,India,Dangee Dums Limited
NIPPOBATRY.NS,India,Indo-National Limited
ASIANHOTNR.NS,India,Asian Hotels (North) Limited
BRNL.NS,India,Bharat Road Network Limited
PPAP.NS,India,PPAP Automotive Limited
PASUPTAC.NS,India,Pasupati Acrylon Limited
FROG.NS,India,Frog Cellsat Limited
ASAHISONG.NS,India,Asahi Songwon Colors Limited
PRECOT.NS,India,Precot Limited
MEP.NS,India,MEP Infrastructure Developers Limited
VENUSREM.NS,India,Venus Remedies Limited
KILITCH.NS,India,Kilitch Drugs (India) Limited
BTML.NS,India,Bodhi Tree Multimedia Limited
MEGASTAR.NS,India,Megastar Foods Limited
DRCSYSTEMS.NS,India,DRC Systems India Limited
ZODIACLOTH.NS,India,Zodiac Clothing Company Limited
HILTON.NS,India,Hilton Metal Forging Limited
INDOTHAI.NS,India,Indo Thai Securities Limited
JITFINFRA.NS,India,JITF Infralogistics Limited
EROSMEDIA.NS,India,Eros International Media Limited
DEVIT.NS,India,Dev Information Technology Limited
BIL.NS,India,Bhartiya International Limited
EIMCOELECO.NS,India,Eimco Elecon (India) Limited
ANMOL.NS,India,Anmol India Limited
COASTCORP.NS,India,Coastal Corporation Limited
RAJTV.NS,India,Raj Television Network Limited
KORE.NS,India,Jay Jalaram Technologies Limited
RELCAPITAL.NS,India,Reliance Capital Limited
MGEL.NS,India,Mangalam Global Enterprise Limited
FOCE.NS,India,Foce India Limited
INDTERRAIN.NS,India,Indian Terrain Fashions Limited
TAKE.NS,India,Take Solutions Limited
TOTAL.NS,India,Total Transport Systems Limited
ACCURACY.NS,India,Accuracy Shipping Limited
AVG.NS,India,AVG Logistics Limited
HARRMALAYA.NS,India,Harrisons  Malayalam Limited
SHREYANIND.NS,India,Shreyans Industries Limited
LOKESHMACH.NS,India,Lokesh Machines Limited
LGBFORGE.NS,India,LGB Forge Limited
SYSTANGO.NS,India,Systango Technologies Limited
SIGMA.NS,India,Sigma Solve Limited
MARALOVER.NS,India,Maral Overseas Limited
ABAN.NS,India,Aban Offshore Limited
BAFNAPH.NS,India,Bafna Pharmaceuticals Limited
BEDMUTHA.NS,India,Bedmutha Industries Limited
SIMPLEXINF.NS,India,Simplex Infrastructures Limited
ARIES.NS,India,Aries Agro Limited
DTIL.NS,India,Dhunseri Tea & Industries Limited
KRITINUT.NS,India,Kriti Nutrients Limited
IVC.NS,India,IL&FS Investment Managers Limited
IITL.NS,India,Industrial Investment Trust Limited
SWASTIK.NS,India,Swastik Pipe Limited
AARON.NS,India,Aaron Industries Limited
VITAL.NS,India,Vital Chemtech Limited
BEWLTD.NS,India,BEW Engineering Limited
NILAINFRA.NS,India,Nila Infrastructures Limited
INDOTECH.NS,India,Indo Tech Transformers Limited
PVP.NS,India,PVP Ventures Limited
AHLEAST.NS,India,Asian Hotels (East) Limited
SAH.NS,India,Sah Polymers Limited
TIPSFILMS.NS,India,Tips Films Limited
PHANTOMFX.NS,India,Phantom Digital Effects Limited
DUCOL.NS,India,Ducol Organics And Colours Limited
KANPRPLA.NS,India,Kanpur Plastipack Limited
VINNY.NS,India,Vinny Overseas Limited
MCLEODRUSS.NS,India,Mcleod Russel India Limited
TRF.NS,India,TRF Limited
ALLETEC.NS,India,All E Technologies Limited
MANOMAY.NS,India,Manomay Tex India Limited
INSPIRISYS.NS,India,Inspirisys Solutions Limited
AIRAN.NS,India,Airan Limited
MODISONLTD.NS,India,MODISON LIMITED
MURUDCERA.NS,India,Murudeshwar Ceramics Limited
TIRUPATI.NS,India,Shree Tirupati Balajee FIBC Limited
PAR.NS,India,Par Drugs And Chemicals Limited
SGIL.NS,India,Synergy Green Industries Limited
SPLIL.NS,India,SPL Industries Limited
GEEKAYWIRE.NS,India,Geekay Wires Limited
PALREDTEC.NS,India,Palred Technologies Limited
ESSARSHPNG.NS,India,Essar Shipping Limited
SIL.NS,India,Standard Industries Limited
PRITI.NS,India,Priti International Limited
AKSHARCHEM.NS,India,AksharChem India Limited
RAMANEWS.NS,India,Shree Rama Newsprint Limited
RUCHINFRA.NS,India,Ruchi Infrastructure Limited
ALANKIT.NS,India,Alankit Limited
MEGASOFT.NS,India,Megasoft Limited
IZMO.NS,India,IZMO Limited
GULFPETRO.NS,India,GP Petroleums Limited
TOUCHWOOD.NS,India,Touchwood Entertainment Limited
SARVESHWAR.NS,India,Sarveshwar Foods Limited
TARMAT.NS,India,Tarmat Limited
RPPL.NS,India,Rajshree Polypack Limited
IEL.NS,India,Indiabulls Enterprises Limited
BHARATGEAR.NS,India,Bharat Gears Limited
GOLDTECH.NS,India,Goldstone Technologies Limited
MBLINFRA.NS,India,MBL Infrastructure Limited
PROPEQUITY.NS,India,P. E. Analytics Limited
EMKAY.NS,India,Emkay Global Financial Services Limited
IL&FSENGG.NS,India,IL&FS Engineering and Construction Company Limited
BSL.NS,India,BSL Limited
UNITEDPOLY.NS,India,United Polyfab Gujarat Limited
PASHUPATI.NS,India,Pashupati Cotspin Limited
SHIVATEX.NS,India,Shiva Texyarn Limited
AAPL,US,Apple Inc.
MSFT,US,Microsoft Corporation
GOOGL,US,Alphabet Inc.
AMZN,US,"Amazon.com, Inc."
NVDA,US,NVIDIA Corporation
TSLA,US,"Tesla, Inc."
BRK.B,US,Berkshire Hathaway Inc.
META,US,"Meta Platforms, Inc."
TSM,US,Taiwan Semiconductor Manufacturing Company Limited
V,US,Visa Inc.
UNH,US,UnitedHealth Group Incorporated
LLY,US,Eli Lilly and Company
XOM,US,Exxon Mobil Corporation
JNJ,US,Johnson & Johnson
JPM,US,JPMorgan Chase & Co.
WMT,US,Walmart Inc.
MA,US,Mastercard Incorporated
NVO,US,Novo Nordisk A/S
AVGO,US,Broadcom Inc.
PG,US,The Procter & Gamble Company
ORCL,US,Oracle Corporation
HD,US,"The Home Depot, Inc."
CVX,US,Chevron Corporation
MRK,US,"Merck & Co., Inc."
ASML,US,ASML Holding N.V.
KO,US,The Coca-Cola Company
PEP,US,"PepsiCo, Inc."
COST,US,Costco Wholesale Corporation
ABBV,US,AbbVie Inc.
BAC,US,Bank of America Corporation
ADBE,US,Adobe Inc.
AZN,US,AstraZeneca PLC
TM,US,Toyota Motor Corporation
MCD,US,McDonald's Corporation
BHP,US,BHP Group Limited
NVS,US,Novartis AG
BABA,US,Alibaba Group Holding Limited
CSCO,US,"Cisco Systems, Inc."
PFE,US,Pfizer Inc.
CRM,US,"Salesforce, Inc."
SHEL,US,Shell plc
TMO,US,Thermo Fisher Scientific Inc.
FMX,US,"Fomento Económico Mexicano, SAB de CV"
NFLX,US,"Netflix, Inc."
ACN,US,Accenture plc
ABT,US,Abbott Laboratories
LIN,US,Linde plc
AMD,US,"Advanced Micro Devices, Inc."
DHR,US,Danaher Corporation
CMCSA,US,Comcast Corporation
NKE,US,"NIKE, Inc."
TMUS,US,"T-Mobile US, Inc."
TXN,US,Texas Instruments Incorporated
DIS,US,The Walt Disney Company
WFC,US,Wells Fargo & Company
SAP,US,SAP SE
HSBC,US,HSBC Holdings plc
VZ,US,Verizon Communications Inc.
UPS,US,"United Parcel Service, Inc."
PM,US,Philip Morris International Inc.
NEE,US,"NextEra Energy, Inc."
RTX,US,Raytheon Technologies Corporation
MS,US,Morgan Stanley
TTE,US,TotalEnergies SE
INTC,US,Intel Corporation
HON,US,Honeywell International Inc.
SNY,US,Sanofi
BMY,US,Bristol-Myers Squibb Company
RY,US,Royal Bank of Canada
QCOM,US,QUALCOMM Incorporated
LOW,US,"Lowe's Companies, Inc."
UL,US,Unilever PLC
HDB,US,HDFC Bank Limited
AXP,US,American Express Company
SPGI,US,S&P Global Inc.
INTU,US,Intuit Inc.
CAT,US,Caterpillar Inc.
BA,US,The Boeing Company
COP,US,ConocoPhillips
UNP,US,Union Pacific Corporation
IBM,US,International Business Machines Corporation
AMAT,US,"Applied Materials, Inc."
ISRG,US,"Intuitive Surgical, Inc."
GE,US,General Electric Company
DE,US,Deere & Company
AMGN,US,Amgen Inc.
MDT,US,Medtronic plc
LMT,US,Lockheed Martin Corporation
SYK,US,Stryker Corporation
NOW,US,"ServiceNow, Inc."
TD,US,The Toronto-Dominion Bank
T,US,AT&T Inc.
SBUX,US,Starbucks Corporation
PLD,US,"Prologis, Inc."
BUD,US,Anheuser-Busch InBev SA/NV
BX,US,Blackstone Inc.
SONY,US,Sony Group Corporation
GS,US,"The Goldman Sachs Group, Inc."
ELV,US,Elevance Health Inc.
RIO,US,Rio Tinto Group
BLK,US,"BlackRock, Inc."
BP,US,BP p.l.c.
SCHW,US,The Charles Schwab Corporation
BKNG,US,Booking Holdings Inc.
MDLZ,US,"Mondelez International, Inc."
ADI,US,"Analog Devices, Inc."
DEO,US,Diageo plc
TJX,US,"The TJX Companies, Inc."
GILD,US,"Gilead Sciences, Inc."
MMC,US,"Marsh & McLennan Companies, Inc."
PDD,US,PDD Holdings Inc.
EQNR,US,Equinor ASA
ADP,US,"Automatic Data Processing, Inc."
VRTX,US,Vertex Pharmaceuticals Incorporated
AMT,US,American Tower Corporation
PBR,US,Petróleo Brasileiro S.A. - Petrobras
C,US,Citigroup Inc.
CVS,US,CVS Health Corporation
MUFG,US,"Mitsubishi UFJ Financial Group, Inc."
UBER,US,"Uber Technologies, Inc."
LRCX,US,Lam Research Corporation
HCA,US,"HCA Healthcare, Inc."
CI,US,Cigna Corporation
SHOP,US,Shopify Inc.
MO,US,"Altria Group, Inc."
ABNB,US,"Airbnb, Inc."
IBN,US,ICICI Bank Limited
CNI,US,Canadian National Railway Company
ETN,US,Eaton Corporation plc
CB,US,Chubb Limited
ZTS,US,Zoetis Inc.
PANW,US,"Palo Alto Networks, Inc."
FI,US,"Fiserv, Inc."
BSX,US,Boston Scientific Corporation
REGN,US,"Regeneron Pharmaceuticals, Inc."
PGR,US,The Progressive Corporation
SO,US,The Southern Company
ITW,US,Illinois Tool Works Inc.
ENB,US,Enbridge Inc.
CP,US,Canadian Pacific Railway Limited
BDX,US,"Becton, Dickinson and Company"
PYPL,US,"PayPal Holdings, Inc."
BTI,US,British American Tobacco p.l.c.
EQIX,US,"Equinix, Inc."
GSK,US,GSK plc
WM,US,"Waste Management, Inc."
AON,US,Aon plc
EL,US,The Estée Lauder Companies Inc.
SLB,US,Schlumberger Limited
CSX,US,CSX Corporation
NOC,US,Northrop Grumman Corporation
DUK,US,Duke Energy Corporation
MU,US,"Micron Technology, Inc."
SHW,US,The Sherwin-Williams Company
AMX,US,"América Móvil, SAB de CV"
EOG,US,"EOG Resources, Inc."
CME,US,CME Group Inc.
KLAC,US,KLA Corporation
APD,US,"Air Products and Chemicals, Inc."
INFY,US,Infosys Limited
ATVI,US,"Activision Blizzard, Inc."
SNPS,US,"Synopsys, Inc."
UBS,US,UBS Group AG
BMO,US,Bank of Montreal
CDNS,US,"Cadence Design Systems, Inc."
CL,US,Colgate-Palmolive Company
MCO,US,Moody's Corporation
RELX,US,RELX PLC
ICE,US,"Intercontinental Exchange, Inc."
KKR,US,KKR & Co. Inc.
NTES,US,"NetEase, Inc."
FDX,US,FedEx Corporation
VMW,US,"VMware, Inc."
CNQ,US,Canadian Natural Resources Limited
TRI,US,Thomson Reuters Corporation
TGT,US,Target Corporation
SAN,US,"Banco Santander, S.A."
MNST,US,Monster Beverage Corporation
BNS,US,The Bank of Nova Scotia
MELI,US,"MercadoLibre, Inc."
F,US,Ford Motor Company
FTNT,US,"Fortinet, Inc."
GD,US,General Dynamics Corporation
CMG,US,"Chipotle Mexican Grill, Inc."
RACE,US,Ferrari N.V.
WDAY,US,"Workday, Inc."
VALE,US,Vale S.A.
ORLY,US,"O'Reilly Automotive, Inc."
MCK,US,McKesson Corporation
ITUB,US,Itaú Unibanco Holding S.A.
SMFG,US,"Sumitomo Mitsui Financial Group, Inc."
SNOW,US,Snowflake Inc.
FCX,US,Freeport-McMoRan Inc.
EPD,US,Enterprise Products Partners L.P.
EW,US,Edwards Lifesciences Corporation
HUM,US,Humana Inc.
MAR,US,"Marriott International, Inc."
SCCO,US,Southern Copper Corporation
CHTR,US,"Charter Communications, Inc."
MMM,US,3M Company
STLA,US,Stellantis N.V.
GM,US,General Motors Company
JD,US,"JD.com, Inc."
NXPI,US,NXP Semiconductors N.V.
ECL,US,Ecolab Inc.
BN,US,Brookfield Corporation
OXY,US,Occidental Petroleum Corporation
EMR,US,Emerson Electric Co.
NSC,US,Norfolk Southern Corporation
MRVL,US,"Marvell Technology, Inc."
PSA,US,Public Storage
ROP,US,"Roper Technologies, Inc."
HSY,US,The Hershey Company
USB,US,U.S. Bancorp
KVUE,US,Kenvue Inc.
APH,US,Amphenol Corporation
CTAS,US,Cintas Corporation
PNC,US,"The PNC Financial Services Group, Inc."
HMC,US,"Honda Motor Co., Ltd."
MPC,US,Marathon Petroleum Corporation
ABEV,US,Ambev S.A.
PH,US,Parker-Hannifin Corporation
DXCM,US,"DexCom, Inc."
ANET,US,"Arista Networks, Inc."
NGG,US,National Grid plc
CCI,US,Crown Castle Inc.
MSI,US,"Motorola Solutions, Inc."
TDG,US,TransDigm Group Incorporated
TAK,US,Takeda Pharmaceutical Company Limited
MCHP,US,Microchip Technology Incorporated
ING,US,ING Groep N.V.
RSG,US,"Republic Services, Inc."
PXD,US,Pioneer Natural Resources Company
NPWR,US,NET Power Inc.
LULU,US,Lululemon Athletica Inc.
BIDU,US,"Baidu, Inc."
E,US,Eni S.p.A.
BSBR,US,Banco Santander (Brasil) S.A.
AJG,US,Arthur J. Gallagher & Co.
JCI,US,Johnson Controls International plc
KMB,US,Kimberly-Clark Corporation
MRNA,US,"Moderna, Inc."
BBVA,US,"Banco Bilbao Vizcaya Argentaria, S.A."
SRE,US,Sempra
AZO,US,"AutoZone, Inc."
STZ,US,"Constellation Brands, Inc."
STM,US,STMicroelectronics N.V.
GIS,US,"General Mills, Inc."
LVS,US,Las Vegas Sands Corp.
TEL,US,TE Connectivity Ltd.
WDS,US,Woodside Energy Group Ltd
KDP,US,Keurig Dr Pepper Inc.
PSX,US,Phillips 66
ADSK,US,"Autodesk, Inc."
PCAR,US,PACCAR Inc
TT,US,Trane Technologies plc
APO,US,"Apollo Global Management, Inc."
KHC,US,The Kraft Heinz Company
CPRT,US,"Copart, Inc."
AEP,US,"American Electric Power Company, Inc."
D,US,"Dominion Energy, Inc."
MET,US,"MetLife, Inc."
SPG,US,"Simon Property Group, Inc."
TEAM,US,Atlassian Corporation Plc
VLO,US,Valero Energy Corporation
AFL,US,Aflac Incorporated
COF,US,Capital One Financial Corporation
HES,US,Hess Corporation
IQV,US,IQVIA Holdings Inc.
AIG,US,"American International Group, Inc."
IDXX,US,"IDEXX Laboratories, Inc."
BCE,US,BCE Inc.
DHI,US,"D.R. Horton, Inc."
CARR,US,Carrier Global Corporation
BIIB,US,Biogen Inc.
NUE,US,Nucor Corporation
ADM,US,Archer-Daniels-Midland Company
ON,US,ON Semiconductor Corporation
CTVA,US,"Corteva, Inc."
CRH,US,CRH plc
ODFL,US,"Old Dominion Freight Line, Inc."
PCG,US,PG&E Corporation
EXC,US,Exelon Corporation
TFC,US,Truist Financial Corporation
TRP,US,TC Energy Corporation
ALC,US,Alcon Inc.
PAYX,US,"Paychex, Inc."
SQ,US,"Block, Inc."
O,US,Realty Income Corporation
WELL,US,Welltower Inc.
TRV,US,"The Travelers Companies, Inc."
ET,US,Energy Transfer LP
WMB,US,"The Williams Companies, Inc."
GWW,US,"W.W. Grainger, Inc."
DELL,US,Dell Technologies Inc.
CM,US,Canadian Imperial Bank of Commerce
PUK,US,Prudential plc
ABC,US,AmerisourceBergen Corporation
MFG,US,"Mizuho Financial Group, Inc."
YUM,US,"Yum! Brands, Inc."
KMI,US,"Kinder Morgan, Inc."
HLN,US,Haleon plc
HLT,US,Hilton Worldwide Holdings Inc.
SU,US,Suncor Energy Inc.
ROST,US,"Ross Stores, Inc."
ROK,US,"Rockwell Automation, Inc."
TTD,US,"The Trade Desk, Inc."
DOW,US,Dow Inc.
SYY,US,Sysco Corporation
MSCI,US,MSCI Inc.
AME,US,"AMETEK, Inc."
DG,US,Dollar General Corporation
LNG,US,"Cheniere Energy, Inc."
LHX,US,"L3Harris Technologies, Inc."
NU,US,Nu Holdings Ltd.
CNC,US,Centene Corporation
GEHC,US,GE HealthCare Technologies Inc.
WCN,US,"Waste Connections, Inc."
OTIS,US,Otis Worldwide Corporation
BBD,US,Banco Bradesco S.A.
CSGP,US,"CoStar Group, Inc."
SGEN,US,Seagen Inc.
LEN,US,Lennar Corporation
GFS,US,GLOBALFOUNDRIES Inc.
LYG,US,Lloyds Banking Group plc
A,US,"Agilent Technologies, Inc."
EA,US,Electronic Arts Inc.
BK,US,The Bank of New York Mellon Corporation
AMP,US,"Ameriprise Financial, Inc."
PPG,US,"PPG Industries, Inc."
CRWD,US,"CrowdStrike Holdings, Inc."
MFC,US,Manulife Financial Corporation
CMI,US,Cummins Inc.
IBKR,US,"Interactive Brokers Group, Inc."
LI,US,Li Auto Inc.
XEL,US,Xcel Energy Inc.
MPLX,US,MPLX LP
NEM,US,Newmont Corporation
KR,US,The Kroger Co.
FAST,US,Fastenal Company
DLR,US,"Digital Realty Trust, Inc."
CTSH,US,Cognizant Technology Solutions Corporation
SE,US,Sea Limited
DD,US,"DuPont de Nemours, Inc."
VRSK,US,"Verisk Analytics, Inc."
PLTR,US,Palantir Technologies Inc.
FIS,US,"Fidelity National Information Services, Inc."
CVE,US,Cenovus Energy Inc.
BF.A,US,Brown-Forman Corporation
PRU,US,"Prudential Financial, Inc."
FERG,US,Ferguson plc
RMD,US,ResMed Inc.
BKR,US,Baker Hughes Company
VEEV,US,Veeva Systems Inc.
DDOG,US,"Datadog, Inc."
DLTR,US,"Dollar Tree, Inc."
VICI,US,VICI Properties Inc.
ED,US,"Consolidated Edison, Inc."
PEG,US,Public Service Enterprise Group Incorporated
SPOT,US,Spotify Technology S.A.
DVN,US,Devon Energy Corporation
ORAN,US,Orange S.A.
MBLY,US,Mobileye Global Inc.
CPNG,US,"Coupang, Inc."
URI,US,"United Rentals, Inc."
SLF,US,Sun Life Financial Inc.
BCS,US,Barclays PLC
DAL,US,"Delta Air Lines, Inc."
WBD,US,"Warner Bros. Discovery, Inc."
ZBH,US,"Zimmer Biomet Holdings, Inc."
HPQ,US,HP Inc.
VMC,US,Vulcan Materials Company
IMO,US,Imperial Oil Limited
LYB,US,LyondellBasell Industries N.V.
KEYS,US,"Keysight Technologies, Inc."
GLW,US,Corning Incorporated
HAL,US,Halliburton Company
GOLD,US,Barrick Gold Corporation
CEG,US,Constellation Energy Corporation
DASH,US,"DoorDash, Inc."
DFS,US,Discover Financial Services
ILMN,US,"Illumina, Inc."
CCEP,US,Coca-Cola Europacific Partners PLC
NTR,US,Nutrien Ltd.
ARES,US,Ares Management Corporation
MDB,US,"MongoDB, Inc."
CHT,US,"Chunghwa Telecom Co., Ltd."
MTD,US,Mettler-Toledo International Inc.
EFX,US,Equifax Inc.
ALL,US,The Allstate Corporation
ANSS,US,"ANSYS, Inc."
MLM,US,"Martin Marietta Materials, Inc."
PWR,US,"Quanta Services, Inc."
WST,US,"West Pharmaceutical Services, Inc."
TU,US,TELUS Corporation
ACGL,US,Arch Capital Group Ltd.
WEC,US,"WEC Energy Group, Inc."
AWK,US,"American Water Works Company, Inc."
IT,US,"Gartner, Inc."
OKE,US,"ONEOK, Inc."
APTV,US,Aptiv PLC
FNV,US,Franco-Nevada Corporation
NWG,US,NatWest Group plc
ALGN,US,"Align Technology, Inc."
XYL,US,Xylem Inc.
AVB,US,"AvalonBay Communities, Inc."
EIX,US,Edison International
RCL,US,Royal Caribbean Cruises Ltd.
IR,US,Ingersoll Rand Inc.
TLK,US,Perusahaan Perseroan (Persero) PT Telekomunikasi Indonesia Tbk
HUBS,US,"HubSpot, Inc."
FTV,US,Fortive Corporation
ALB,US,Albemarle Corporation
BNTX,US,BioNTech SE
WIT,US,Wipro Limited
GPN,US,Global Payments Inc.
MPWR,US,"Monolithic Power Systems, Inc."
VOD,US,Vodafone Group PLC
RYAAY,US,Ryanair Holdings plc
TROW,US,"T. Rowe Price Group, Inc."
SBAC,US,SBA Communications Corporation
CBRE,US,"CBRE Group, Inc."
WTW,US,Willis Towers Watson PLC
EQR,US,Equity Residential
TTWO,US,"Take-Two Interactive Software, Inc."
GIB,US,CGI Inc.
GMAB,US,Genmab A/S
ES,US,Eversource Energy
CDW,US,CDW Corporation
AEM,US,Agnico Eagle Mines Limited
RBLX,US,Roblox Corporation
WBA,US,"Walgreens Boots Alliance, Inc."
WY,US,Weyerhaeuser Company
CHD,US,"Church & Dwight Co., Inc."
NDAQ,US,"Nasdaq, Inc."
STT,US,State Street Corporation
RCI,US,Rogers Communications Inc.
TSCO,US,Tractor Supply Company
QSR,US,Restaurant Brands International Inc.
CAH,US,"Cardinal Health, Inc."
EBAY,US,eBay Inc.
CCL,US,Carnival Corporation & plc
FANG,US,"Diamondback Energy, Inc."
GPC,US,Genuine Parts Company
SYM,US,Symbotic Inc.
ALNY,US,"Alnylam Pharmaceuticals, Inc."
UDR,US,"UDR, Inc."
YUMC,US,"Yum China Holdings, Inc."
ELP,US,Companhia Paranaense de Energia - COPEL
VRSN,US,"VeriSign, Inc."
HZNP,US,Horizon Therapeutics PLC
ULTA,US,"Ulta Beauty, Inc."
MKC,US,"McCormick & Company, Incorporated"
TEF,US,"Telefónica, S.A."
NOK,US,Nokia Oyj
K,US,Kellogg Company
BAX,US,Baxter International Inc.
ENPH,US,"Enphase Energy, Inc."
MT,US,ArcelorMittal S.A.
DTE,US,DTE Energy Company
TCOM,US,Trip.com Group Limited
PKX,US,POSCO Holdings Inc.
HIG,US,"The Hartford Financial Services Group, Inc."
CQP,US,"Cheniere Energy Partners, L.P."
FE,US,FirstEnergy Corp.
STE,US,STERIS plc
RJF,US,"Raymond James Financial, Inc."
HRL,US,Hormel Foods Corporation
ARGX,US,argenx SE
HPE,US,Hewlett Packard Enterprise Company
NET,US,"Cloudflare, Inc."
LUV,US,Southwest Airlines Co.
AEE,US,Ameren Corporation
DB,US,Deutsche Bank Aktiengesellschaft
LH,US,Laboratory Corporation of America Holdings
TECK,US,Teck Resources Limited
ZS,US,"Zscaler, Inc."
HEI,US,HEICO Corporation
HEI.A,US,HEICO Corporation
EXR,US,Extra Space Storage Inc.
ROL,US,"Rollins, Inc."
EC,US,Ecopetrol S.A.
INVH,US,Invitation Homes Inc.
UMC,US,United Microelectronics Corporation
LYV,US,"Live Nation Entertainment, Inc."
FTS,US,Fortis Inc.
SQM,US,Sociedad Química y Minera de Chile S.A.
DOV,US,Dover Corporation
NVR,US,"NVR, Inc."
ETR,US,Entergy Corporation
MTB,US,M&T Bank Corporation
ICLR,US,ICON PLC
AIU,US,Meta Data Limited
ZTO,US,ZTO Express (Cayman) Inc.
HWM,US,Howmet Aerospace Inc.
FSLR,US,"First Solar, Inc."
IFF,US,International Flavors & Fragrances Inc.
FICO,US,Fair Isaac Corporation
IX,US,ORIX Corporation
